400.131,12.878
400.129,12.877
400.126,12.876
400.123,12.875
400.121,12.874
400.118,12.874
400.115,12.873
400.113,12.872
400.11,12.871
400.107,12.87
400.105,12.87
400.102,12.869
400.099,12.868
400.097,12.867
400.094,12.866
400.092,12.866
400.089,12.865
400.086,12.864
400.084,12.863
400.081,12.863
400.078,12.862
400.076,12.861
400.073,12.86
400.07,12.859
400.068,12.859
400.065,12.858
400.062,12.857
400.06,12.856
400.057,12.855
400.054,12.855
400.052,12.854
400.049,12.853
400.046,12.852
400.044,12.852
400.041,12.851
400.039,12.85
400.036,12.849
400.033,12.848
400.031,12.848
400.028,12.847
400.025,12.846
400.023,12.845
400.02,12.844
400.017,12.844
400.015,12.843
400.012,12.842
400.009,12.841
400.007,12.84
400.004,12.84
400.001,12.839
399.999,12.838
399.996,12.837
399.993,12.837
399.991,12.836
399.988,12.835
399.985,12.834
399.983,12.833
399.98,12.833
399.978,12.832
399.975,12.831
399.972,12.83
399.97,12.829
399.967,12.829
399.964,12.828
399.962,12.827
399.959,12.826
399.956,12.826
399.954,12.825
399.951,12.824
399.948,12.823
399.946,12.822
399.943,12.822
399.94,12.821
399.938,12.82
399.935,12.819
399.932,12.818
399.93,12.818
399.927,12.817
399.924,12.816
399.922,12.815
399.919,12.814
399.916,12.814
399.914,12.813
399.911,12.812
399.908,12.811
399.906,12.811
399.903,12.81
399.901,12.809
399.898,12.808
399.895,12.807
399.893,12.807
399.89,12.806
399.887,12.805
399.885,12.804
399.882,12.803
399.879,12.803
399.877,12.802
399.874,12.801
399.871,12.8
399.869,12.8
399.866,12.799
399.863,12.798
399.861,12.797
399.858,12.796
399.855,12.796
399.853,12.795
399.85,12.794
399.847,12.793
399.845,12.792
399.842,12.792
399.839,12.791
399.837,12.79
399.834,12.789
399.831,12.789
399.829,12.788
399.826,12.787
399.823,12.786
399.821,12.785
399.818,12.785
399.815,12.784
399.813,12.783
399.81,12.782
399.807,12.781
399.805,12.781
399.802,12.78
399.799,12.779
399.797,12.778
399.794,12.777
399.791,12.777
399.789,12.776
399.786,12.775
399.783,12.774
399.781,12.774
399.778,12.773
399.775,12.772
399.773,12.771
399.77,12.77
399.767,12.77
399.765,12.769
399.762,12.768
399.759,12.767
399.757,12.766
399.754,12.766
399.751,12.765
399.749,12.764
399.746,12.763
399.744,12.763
399.741,12.762
399.738,12.761
399.736,12.76
399.733,12.759
399.73,12.759
399.728,12.758
399.725,12.757
399.722,12.756
399.72,12.755
399.717,12.755
399.714,12.754
399.712,12.753
399.709,12.752
399.706,12.751
399.704,12.751
399.701,12.75
399.698,12.749
399.696,12.748
399.693,12.748
399.69,12.747
399.688,12.746
399.685,12.745
399.682,12.744
399.68,12.744
399.677,12.743
399.674,12.742
399.671,12.741
399.669,12.74
399.666,12.74
399.663,12.739
399.661,12.738
399.658,12.737
399.655,12.737
399.653,12.736
399.65,12.735
399.647,12.734
399.645,12.733
399.642,12.733
399.639,12.732
399.637,12.731
399.634,12.73
399.631,12.729
399.629,12.729
399.626,12.728
399.623,12.727
399.621,12.726
399.618,12.725
399.615,12.725
399.613,12.724
399.61,12.723
399.607,12.722
399.605,12.722
399.602,12.721
399.599,12.72
399.597,12.719
399.594,12.718
399.591,12.718
399.589,12.717
399.586,12.716
399.583,12.715
399.581,12.714
399.578,12.714
399.575,12.713
399.573,12.712
399.57,12.711
399.567,12.711
399.565,12.71
399.562,12.709
399.559,12.708
399.557,12.707
399.554,12.707
399.551,12.706
399.549,12.705
399.546,12.704
399.543,12.703
399.541,12.703
399.538,12.702
399.535,12.701
399.533,12.7
399.53,12.7
399.527,12.699
399.525,12.698
399.522,12.697
399.519,12.696
399.517,12.696
399.514,12.695
399.511,12.694
399.508,12.693
399.506,12.692
399.503,12.692
399.5,12.691
399.498,12.69
399.495,12.689
399.492,12.688
399.49,12.688
399.487,12.687
399.484,12.686
399.482,12.685
399.479,12.685
399.476,12.684
399.474,12.683
399.471,12.682
399.468,12.681
399.466,12.681
399.463,12.68
399.46,12.679
399.458,12.678
399.455,12.677
399.452,12.677
399.45,12.676
399.447,12.675
399.444,12.674
399.442,12.674
399.439,12.673
399.436,12.672
399.433,12.671
399.431,12.67
399.428,12.67
399.425,12.669
399.423,12.668
399.42,12.667
399.417,12.666
399.415,12.666
399.412,12.665
399.409,12.664
399.407,12.663
399.404,12.662
399.401,12.662
399.399,12.661
399.396,12.66
399.393,12.659
399.391,12.659
399.388,12.658
399.385,12.657
399.383,12.656
399.38,12.655
399.377,12.655
399.374,12.654
399.372,12.653
399.369,12.652
399.366,12.651
399.364,12.651
399.361,12.65
399.358,12.649
399.356,12.648
399.353,12.648
399.35,12.647
399.348,12.646
399.345,12.645
399.342,12.644
399.34,12.644
399.337,12.643
399.334,12.642
399.332,12.641
399.329,12.64
399.326,12.64
399.323,12.639
399.321,12.638
399.318,12.637
399.315,12.636
399.313,12.636
399.31,12.635
399.307,12.634
399.305,12.633
399.302,12.633
399.299,12.632
399.297,12.631
399.294,12.63
399.291,12.629
399.289,12.629
399.286,12.628
399.283,12.627
399.281,12.626
399.278,12.625
399.275,12.625
399.272,12.624
399.27,12.623
399.267,12.622
399.264,12.622
399.262,12.621
399.259,12.62
399.256,12.619
399.254,12.618
399.251,12.618
399.248,12.617
399.246,12.616
399.243,12.615
399.24,12.614
399.237,12.614
399.235,12.613
399.232,12.612
399.229,12.611
399.227,12.611
399.224,12.61
399.221,12.609
399.219,12.608
399.216,12.607
399.213,12.607
399.211,12.606
399.208,12.605
399.205,12.604
399.203,12.603
399.2,12.603
399.197,12.602
399.194,12.601
399.192,12.6
399.189,12.599
399.186,12.599
399.184,12.598
399.181,12.597
399.178,12.596
399.176,12.596
399.173,12.595
399.17,12.594
399.168,12.593
399.165,12.592
399.162,12.592
399.159,12.591
399.157,12.59
399.154,12.589
399.151,12.588
399.149,12.588
399.146,12.587
399.143,12.586
399.141,12.585
399.138,12.585
399.135,12.584
399.132,12.583
399.13,12.582
399.127,12.581
399.124,12.581
399.122,12.58
399.119,12.579
399.116,12.578
399.114,12.577
399.111,12.577
399.108,12.576
399.106,12.575
399.103,12.574
399.1,12.573
399.097,12.573
399.095,12.572
399.092,12.571
399.089,12.57
399.087,12.57
399.084,12.569
399.081,12.568
399.079,12.567
399.076,12.566
399.073,12.566
399.07,12.565
399.068,12.564
399.065,12.563
399.062,12.562
399.06,12.562
399.057,12.561
399.054,12.56
399.052,12.559
399.049,12.559
399.046,12.558
399.043,12.557
399.041,12.556
399.038,12.555
399.035,12.555
399.033,12.554
399.03,12.553
399.027,12.552
399.025,12.551
399.022,12.551
399.019,12.55
399.016,12.549
399.014,12.548
399.011,12.547
399.008,12.547
399.006,12.546
399.003,12.545
399,12.544
398.998,12.544
398.995,12.543
398.992,12.542
398.989,12.541
398.987,12.54
398.984,12.54
398.981,12.539
398.979,12.538
398.976,12.537
398.973,12.536
398.971,12.536
398.968,12.535
398.965,12.534
398.962,12.533
398.96,12.533
398.957,12.532
398.954,12.531
398.952,12.53
398.949,12.529
398.946,12.529
398.944,12.528
398.941,12.527
398.938,12.526
398.935,12.525
398.933,12.525
398.93,12.524
398.927,12.523
398.925,12.522
398.922,12.522
398.919,12.521
398.916,12.52
398.914,12.519
398.911,12.518
398.908,12.518
398.906,12.517
398.903,12.516
398.9,12.515
398.898,12.514
398.895,12.514
398.892,12.513
398.889,12.512
398.887,12.511
398.884,12.51
398.881,12.51
398.879,12.509
398.876,12.508
398.873,12.507
398.87,12.507
398.868,12.506
398.865,12.505
398.862,12.504
398.86,12.503
398.857,12.503
398.854,12.502
398.852,12.501
398.849,12.5
398.846,12.499
398.843,12.499
398.841,12.498
398.838,12.497
398.835,12.496
398.833,12.496
398.83,12.495
398.827,12.494
398.824,12.493
398.822,12.492
398.819,12.492
398.816,12.491
398.814,12.49
398.811,12.489
398.808,12.488
398.805,12.488
398.803,12.487
398.8,12.486
398.797,12.485
398.795,12.484
398.792,12.484
398.789,12.483
398.786,12.482
398.784,12.481
398.781,12.481
398.778,12.48
398.776,12.479
398.773,12.478
398.77,12.477
398.767,12.477
398.765,12.476
398.762,12.475
398.759,12.474
398.757,12.473
398.754,12.473
398.751,12.472
398.748,12.471
398.746,12.47
398.743,12.47
398.74,12.469
398.738,12.468
398.735,12.467
398.732,12.466
398.729,12.466
398.727,12.465
398.724,12.464
398.721,12.463
398.719,12.462
398.716,12.462
398.713,12.461
398.71,12.46
398.708,12.459
398.705,12.458
398.702,12.458
398.7,12.457
398.697,12.456
398.694,12.455
398.691,12.455
398.689,12.454
398.686,12.453
398.683,12.452
398.681,12.451
398.678,12.451
398.675,12.45
398.672,12.449
398.67,12.448
398.667,12.447
398.664,12.447
398.662,12.446
398.659,12.445
398.656,12.444
398.653,12.444
398.651,12.443
398.648,12.442
398.645,12.441
398.643,12.44
398.64,12.44
398.637,12.439
398.634,12.438
398.632,12.437
398.629,12.436
398.626,12.436
398.623,12.435
398.621,12.434
398.618,12.433
398.615,12.433
398.613,12.432
398.61,12.431
398.607,12.43
398.604,12.429
398.602,12.429
398.599,12.428
398.596,12.427
398.594,12.426
398.591,12.425
398.588,12.425
398.585,12.424
398.583,12.423
398.58,12.422
398.577,12.421
398.575,12.421
398.572,12.42
398.569,12.419
398.566,12.418
398.564,12.418
398.561,12.417
398.558,12.416
398.555,12.415
398.553,12.414
398.55,12.414
398.547,12.413
398.545,12.412
398.542,12.411
398.539,12.41
398.536,12.41
398.534,12.409
398.531,12.408
398.528,12.407
398.525,12.407
398.523,12.406
398.52,12.405
398.517,12.404
398.515,12.403
398.512,12.403
398.509,12.402
398.506,12.401
398.504,12.4
398.501,12.399
398.498,12.399
398.496,12.398
398.493,12.397
398.49,12.396
398.487,12.395
398.485,12.395
398.482,12.394
398.479,12.393
398.476,12.392
398.474,12.392
398.471,12.391
398.468,12.39
398.466,12.389
398.463,12.388
398.46,12.388
398.457,12.387
398.455,12.386
398.452,12.385
398.449,12.384
398.446,12.384
398.444,12.383
398.441,12.382
398.438,12.381
398.435,12.381
398.433,12.38
398.43,12.379
398.427,12.378
398.425,12.377
398.422,12.377
398.419,12.376
398.416,12.375
398.414,12.374
398.411,12.373
398.408,12.373
398.405,12.372
398.403,12.371
398.4,12.37
398.397,12.369
398.395,12.369
398.392,12.368
398.389,12.367
398.386,12.366
398.384,12.366
398.381,12.365
398.378,12.364
398.375,12.363
398.373,12.362
398.37,12.362
398.367,12.361
398.364,12.36
398.362,12.359
398.359,12.358
398.356,12.358
398.354,12.357
398.351,12.356
398.348,12.355
398.345,12.355
398.343,12.354
398.34,12.353
398.337,12.352
398.334,12.351
398.332,12.351
398.329,12.35
398.326,12.349
398.323,12.348
398.321,12.347
398.318,12.347
398.315,12.346
398.313,12.345
398.31,12.344
398.307,12.344
398.304,12.343
398.302,12.342
398.299,12.341
398.296,12.34
398.293,12.34
398.291,12.339
398.288,12.338
398.285,12.337
398.282,12.336
398.28,12.336
398.277,12.335
398.274,12.334
398.271,12.333
398.269,12.332
398.266,12.332
398.263,12.331
398.261,12.33
398.258,12.329
398.255,12.329
398.252,12.328
398.25,12.327
398.247,12.326
398.244,12.325
398.241,12.325
398.239,12.324
398.236,12.323
398.233,12.322
398.23,12.321
398.228,12.321
398.225,12.32
398.222,12.319
398.219,12.318
398.217,12.318
398.214,12.317
398.211,12.316
398.208,12.315
398.206,12.314
398.203,12.314
398.2,12.313
398.198,12.312
398.195,12.311
398.192,12.31
398.189,12.31
398.187,12.309
398.184,12.308
398.181,12.307
398.178,12.306
398.176,12.306
398.173,12.305
398.17,12.304
398.167,12.303
398.165,12.303
398.162,12.302
398.159,12.301
398.156,12.3
398.154,12.299
398.151,12.299
398.148,12.298
398.145,12.297
398.143,12.296
398.14,12.295
398.137,12.295
398.134,12.294
398.132,12.293
398.129,12.292
398.126,12.292
398.123,12.291
398.121,12.29
398.118,12.289
398.115,12.288
398.112,12.288
398.11,12.287
398.107,12.286
398.104,12.285
398.101,12.284
398.099,12.284
398.096,12.283
398.093,12.282
398.091,12.281
398.088,12.28
398.085,12.28
398.082,12.279
398.08,12.278
398.077,12.277
398.074,12.277
398.071,12.276
398.069,12.275
398.066,12.274
398.063,12.273
398.06,12.273
398.058,12.272
398.055,12.271
398.052,12.27
398.049,12.269
398.047,12.269
398.044,12.268
398.041,12.267
398.038,12.266
398.036,12.266
398.033,12.265
398.03,12.264
398.027,12.263
398.025,12.262
398.022,12.262
398.019,12.261
398.016,12.26
398.014,12.259
398.011,12.258
398.008,12.258
398.005,12.257
398.003,12.256
398,12.255
397.997,12.255
397.994,12.254
397.992,12.253
397.989,12.252
397.986,12.251
397.983,12.251
397.981,12.25
397.978,12.249
397.975,12.248
397.972,12.247
397.97,12.247
397.967,12.246
397.964,12.245
397.961,12.244
397.959,12.243
397.956,12.243
397.953,12.242
397.95,12.241
397.947,12.24
397.945,12.24
397.942,12.239
397.939,12.238
397.936,12.237
397.934,12.236
397.931,12.236
397.928,12.235
397.925,12.234
397.923,12.233
397.92,12.232
397.917,12.232
397.914,12.231
397.912,12.23
397.909,12.229
397.906,12.229
397.903,12.228
397.901,12.227
397.898,12.226
397.895,12.225
397.892,12.225
397.89,12.224
397.887,12.223
397.884,12.222
397.881,12.221
397.879,12.221
397.876,12.22
397.873,12.219
397.87,12.218
397.868,12.217
397.865,12.217
397.862,12.216
397.859,12.215
397.857,12.214
397.854,12.214
397.851,12.213
397.848,12.212
397.846,12.211
397.843,12.21
397.84,12.21
397.837,12.209
397.834,12.208
397.832,12.207
397.829,12.206
397.826,12.206
397.823,12.205
397.821,12.204
397.818,12.203
397.815,12.203
397.812,12.202
397.81,12.201
397.807,12.2
397.804,12.199
397.801,12.199
397.799,12.198
397.796,12.197
397.793,12.196
397.79,12.195
397.788,12.195
397.785,12.194
397.782,12.193
397.779,12.192
397.776,12.191
397.774,12.191
397.771,12.19
397.768,12.189
397.765,12.188
397.763,12.188
397.76,12.187
397.757,12.186
397.754,12.185
397.752,12.184
397.749,12.184
397.746,12.183
397.743,12.182
397.741,12.181
397.738,12.18
397.735,12.18
397.732,12.179
397.729,12.178
397.727,12.177
397.724,12.177
397.721,12.176
397.718,12.175
397.716,12.174
397.713,12.173
397.71,12.173
397.707,12.172
397.705,12.171
397.702,12.17
397.699,12.169
397.696,12.169
397.694,12.168
397.691,12.167
397.688,12.166
397.685,12.165
397.682,12.165
397.68,12.164
397.677,12.163
397.674,12.162
397.671,12.162
397.669,12.161
397.666,12.16
397.663,12.159
397.66,12.158
397.658,12.158
397.655,12.157
397.652,12.156
397.649,12.155
397.646,12.154
397.644,12.154
397.641,12.153
397.638,12.152
397.635,12.151
397.633,12.151
397.63,12.15
397.627,12.149
397.624,12.148
397.622,12.147
397.619,12.147
397.616,12.146
397.613,12.145
397.61,12.144
397.608,12.143
397.605,12.143
397.602,12.142
397.599,12.141
397.597,12.14
397.594,12.14
397.591,12.139
397.588,12.138
397.586,12.137
397.583,12.136
397.58,12.136
397.577,12.135
397.574,12.134
397.572,12.133
397.569,12.132
397.566,12.132
397.563,12.131
397.561,12.13
397.558,12.129
397.555,12.128
397.552,12.128
397.549,12.127
397.547,12.126
397.544,12.125
397.541,12.125
397.538,12.124
397.536,12.123
397.533,12.122
397.53,12.121
397.527,12.121
397.525,12.12
397.522,12.119
397.519,12.118
397.516,12.117
397.513,12.117
397.511,12.116
397.508,12.115
397.505,12.114
397.502,12.114
397.5,12.113
397.497,12.112
397.494,12.111
397.491,12.11
397.488,12.11
397.486,12.109
397.483,12.108
397.48,12.107
397.477,12.106
397.475,12.106
397.472,12.105
397.469,12.104
397.466,12.103
397.463,12.102
397.461,12.102
397.458,12.101
397.455,12.1
397.452,12.099
397.45,12.099
397.447,12.098
397.444,12.097
397.441,12.096
397.438,12.095
397.436,12.095
397.433,12.094
397.43,12.093
397.427,12.092
397.425,12.091
397.422,12.091
397.419,12.09
397.416,12.089
397.413,12.088
397.411,12.088
397.408,12.087
397.405,12.086
397.402,12.085
397.399,12.084
397.397,12.084
397.394,12.083
397.391,12.082
397.388,12.081
397.386,12.08
397.383,12.08
397.38,12.079
397.377,12.078
397.374,12.077
397.372,12.076
397.369,12.076
397.366,12.075
397.363,12.074
397.361,12.073
397.358,12.073
397.355,12.072
397.352,12.071
397.349,12.07
397.347,12.069
397.344,12.069
397.341,12.068
397.338,12.067
397.335,12.066
397.333,12.065
397.33,12.065
397.327,12.064
397.324,12.063
397.322,12.062
397.319,12.062
397.316,12.061
397.313,12.06
397.31,12.059
397.308,12.058
397.305,12.058
397.302,12.057
397.299,12.056
397.296,12.055
397.294,12.054
397.291,12.054
397.288,12.053
397.285,12.052
397.283,12.051
397.28,12.051
397.277,12.05
397.274,12.049
397.271,12.048
397.269,12.047
397.266,12.047
397.263,12.046
397.26,12.045
397.257,12.044
397.255,12.043
397.252,12.043
397.249,12.042
397.246,12.041
397.243,12.04
397.241,12.039
397.238,12.039
397.235,12.038
397.232,12.037
397.23,12.036
397.227,12.036
397.224,12.035
397.221,12.034
397.218,12.033
397.216,12.032
397.213,12.032
397.21,12.031
397.207,12.03
397.204,12.029
397.202,12.028
397.199,12.028
397.196,12.027
397.193,12.026
397.19,12.025
397.188,12.025
397.185,12.024
397.182,12.023
397.179,12.022
397.176,12.021
397.174,12.021
397.171,12.02
397.168,12.019
397.165,12.018
397.163,12.017
397.16,12.017
397.157,12.016
397.154,12.015
397.151,12.014
397.149,12.013
397.146,12.013
397.143,12.012
397.14,12.011
397.137,12.01
397.135,12.01
397.132,12.009
397.129,12.008
397.126,12.007
397.123,12.006
397.121,12.006
397.118,12.005
397.115,12.004
397.112,12.003
397.109,12.002
397.107,12.002
397.104,12.001
397.101,12
397.098,11.999
397.095,11.999
397.093,11.998
397.09,11.997
397.087,11.996
397.084,11.995
397.081,11.995
397.079,11.994
397.076,11.993
397.073,11.992
397.07,11.991
397.067,11.991
397.065,11.99
397.062,11.989
397.059,11.988
397.056,11.987
397.053,11.987
397.051,11.986
397.048,11.985
397.045,11.984
397.042,11.984
397.039,11.983
397.037,11.982
397.034,11.981
397.031,11.98
397.028,11.98
397.025,11.979
397.023,11.978
397.02,11.977
397.017,11.976
397.014,11.976
397.011,11.975
397.009,11.974
397.006,11.973
397.003,11.973
397,11.972
396.997,11.971
396.995,11.97
396.992,11.969
396.989,11.969
396.986,11.968
396.983,11.967
396.981,11.966
396.978,11.965
396.975,11.965
396.972,11.964
396.969,11.963
396.967,11.962
396.964,11.962
396.961,11.961
396.958,11.96
396.955,11.959
396.953,11.958
396.95,11.958
396.947,11.957
396.944,11.956
396.941,11.955
396.939,11.954
396.936,11.954
396.933,11.953
396.93,11.952
396.927,11.951
396.924,11.95
396.922,11.95
396.919,11.949
396.916,11.948
396.913,11.947
396.91,11.947
396.908,11.946
396.905,11.945
396.902,11.944
396.899,11.943
396.896,11.943
396.894,11.942
396.891,11.941
396.888,11.94
396.885,11.939
396.882,11.939
396.88,11.938
396.877,11.937
396.874,11.936
396.871,11.936
396.868,11.935
396.866,11.934
396.863,11.933
396.86,11.932
396.857,11.932
396.854,11.931
396.851,11.93
396.849,11.929
396.846,11.928
396.843,11.928
396.84,11.927
396.837,11.926
396.835,11.925
396.832,11.924
396.829,11.924
396.826,11.923
396.823,11.922
396.821,11.921
396.818,11.921
396.815,11.92
396.812,11.919
396.809,11.918
396.807,11.917
396.804,11.917
396.801,11.916
396.798,11.915
396.795,11.914
396.792,11.913
396.79,11.913
396.787,11.912
396.784,11.911
396.781,11.91
396.778,11.91
396.776,11.909
396.773,11.908
396.77,11.907
396.767,11.906
396.764,11.906
396.761,11.905
396.759,11.904
396.756,11.903
396.753,11.902
396.75,11.902
396.747,11.901
396.745,11.9
396.742,11.899
396.739,11.898
396.736,11.898
396.733,11.897
396.731,11.896
396.728,11.895
396.725,11.895
396.722,11.894
396.719,11.893
396.716,11.892
396.714,11.891
396.711,11.891
396.708,11.89
396.705,11.889
396.702,11.888
396.7,11.887
396.697,11.887
396.694,11.886
396.691,11.885
396.688,11.884
396.685,11.884
396.683,11.883
396.68,11.882
396.677,11.881
396.674,11.88
396.671,11.88
396.669,11.879
396.666,11.878
396.663,11.877
396.66,11.876
396.657,11.876
396.654,11.875
396.652,11.874
396.649,11.873
396.646,11.873
396.643,11.872
396.64,11.871
396.638,11.87
396.635,11.869
396.632,11.869
396.629,11.868
396.626,11.867
396.623,11.866
396.621,11.865
396.618,11.865
396.615,11.864
396.612,11.863
396.609,11.862
396.606,11.861
396.604,11.861
396.601,11.86
396.598,11.859
396.595,11.858
396.592,11.858
396.59,11.857
396.587,11.856
396.584,11.855
396.581,11.854
396.578,11.854
396.575,11.853
396.573,11.852
396.57,11.851
396.567,11.85
396.564,11.85
396.561,11.849
396.558,11.848
396.556,11.847
396.553,11.847
396.55,11.846
396.547,11.845
396.544,11.844
396.542,11.843
396.539,11.843
396.536,11.842
396.533,11.841
396.53,11.84
396.527,11.839
396.525,11.839
396.522,11.838
396.519,11.837
396.516,11.836
396.513,11.835
396.51,11.835
396.508,11.834
396.505,11.833
396.502,11.832
396.499,11.832
396.496,11.831
396.493,11.83
396.491,11.829
396.488,11.828
396.485,11.828
396.482,11.827
396.479,11.826
396.476,11.825
396.474,11.824
396.471,11.824
396.468,11.823
396.465,11.822
396.462,11.821
396.459,11.821
396.457,11.82
396.454,11.819
396.451,11.818
396.448,11.817
396.445,11.817
396.442,11.816
396.44,11.815
396.437,11.814
396.434,11.813
396.431,11.813
396.428,11.812
396.426,11.811
396.423,11.81
396.42,11.809
396.417,11.809
396.414,11.808
396.411,11.807
396.409,11.806
396.406,11.806
396.403,11.805
396.4,11.804
396.397,11.803
396.394,11.802
396.392,11.802
396.389,11.801
396.386,11.8
396.383,11.799
396.38,11.798
396.377,11.798
396.375,11.797
396.372,11.796
396.369,11.795
396.366,11.795
396.363,11.794
396.36,11.793
396.357,11.792
396.355,11.791
396.352,11.791
396.349,11.79
396.346,11.789
396.343,11.788
396.34,11.787
396.338,11.787
396.335,11.786
396.332,11.785
396.329,11.784
396.326,11.784
396.323,11.783
396.321,11.782
396.318,11.781
396.315,11.78
396.312,11.78
396.309,11.779
396.306,11.778
396.304,11.777
396.301,11.776
396.298,11.776
396.295,11.775
396.292,11.774
396.289,11.773
396.287,11.772
396.284,11.772
396.281,11.771
396.278,11.77
396.275,11.769
396.272,11.769
396.27,11.768
396.267,11.767
396.264,11.766
396.261,11.765
396.258,11.765
396.255,11.764
396.252,11.763
396.25,11.762
396.247,11.761
396.244,11.761
396.241,11.76
396.238,11.759
396.235,11.758
396.233,11.758
396.23,11.757
396.227,11.756
396.224,11.755
396.221,11.754
396.218,11.754
396.216,11.753
396.213,11.752
396.21,11.751
396.207,11.75
396.204,11.75
396.201,11.749
396.198,11.748
396.196,11.747
396.193,11.746
396.19,11.746
396.187,11.745
396.184,11.744
396.181,11.743
396.179,11.743
396.176,11.742
396.173,11.741
396.17,11.74
396.167,11.739
396.164,11.739
396.161,11.738
396.159,11.737
396.156,11.736
396.153,11.735
396.15,11.735
396.147,11.734
396.144,11.733
396.142,11.732
396.139,11.732
396.136,11.731
396.133,11.73
396.13,11.729
396.127,11.728
396.124,11.728
396.122,11.727
396.119,11.726
396.116,11.725
396.113,11.724
396.11,11.724
396.107,11.723
396.105,11.722
396.102,11.721
396.099,11.72
396.096,11.72
396.093,11.719
396.09,11.718
396.087,11.717
396.085,11.717
396.082,11.716
396.079,11.715
396.076,11.714
396.073,11.713
396.07,11.713
396.067,11.712
396.065,11.711
396.062,11.71
396.059,11.709
396.056,11.709
396.053,11.708
396.05,11.707
396.047,11.706
396.045,11.706
396.042,11.705
396.039,11.704
396.036,11.703
396.033,11.702
396.03,11.702
396.028,11.701
396.025,11.7
396.022,11.699
396.019,11.698
396.016,11.698
396.013,11.697
396.01,11.696
396.008,11.695
396.005,11.695
396.002,11.694
395.999,11.693
395.996,11.692
395.993,11.691
395.99,11.691
395.988,11.69
395.985,11.689
395.982,11.688
395.979,11.687
395.976,11.687
395.973,11.686
395.97,11.685
395.968,11.684
395.965,11.683
395.962,11.683
395.959,11.682
395.956,11.681
395.953,11.68
395.95,11.68
395.948,11.679
395.945,11.678
395.942,11.677
395.939,11.676
395.936,11.676
395.933,11.675
395.93,11.674
395.928,11.673
395.925,11.672
395.922,11.672
395.919,11.671
395.916,11.67
395.913,11.669
395.91,11.669
395.908,11.668
395.905,11.667
395.902,11.666
395.899,11.665
395.896,11.665
395.893,11.664
395.89,11.663
395.888,11.662
395.885,11.661
395.882,11.661
395.879,11.66
395.876,11.659
395.873,11.658
395.87,11.657
395.868,11.657
395.865,11.656
395.862,11.655
395.859,11.654
395.856,11.654
395.853,11.653
395.85,11.652
395.847,11.651
395.845,11.65
395.842,11.65
395.839,11.649
395.836,11.648
395.833,11.647
395.83,11.646
395.827,11.646
395.825,11.645
395.822,11.644
395.819,11.643
395.816,11.643
395.813,11.642
395.81,11.641
395.807,11.64
395.805,11.639
395.802,11.639
395.799,11.638
395.796,11.637
395.793,11.636
395.79,11.635
395.787,11.635
395.784,11.634
395.782,11.633
395.779,11.632
395.776,11.631
395.773,11.631
395.77,11.63
395.767,11.629
395.764,11.628
395.762,11.628
395.759,11.627
395.756,11.626
395.753,11.625
395.75,11.624
395.747,11.624
395.744,11.623
395.741,11.622
395.739,11.621
395.736,11.62
395.733,11.62
395.73,11.619
395.727,11.618
395.724,11.617
395.721,11.617
395.719,11.616
395.716,11.615
395.713,11.614
395.71,11.613
395.707,11.613
395.704,11.612
395.701,11.611
395.698,11.61
395.696,11.609
395.693,11.609
395.69,11.608
395.687,11.607
395.684,11.606
395.681,11.606
395.678,11.605
395.675,11.604
395.673,11.603
395.67,11.602
395.667,11.602
395.664,11.601
395.661,11.6
395.658,11.599
395.655,11.598
395.652,11.598
395.65,11.597
395.647,11.596
395.644,11.595
395.641,11.594
395.638,11.594
395.635,11.593
395.632,11.592
395.629,11.591
395.627,11.591
395.624,11.59
395.621,11.589
395.618,11.588
395.615,11.587
395.612,11.587
395.609,11.586
395.606,11.585
395.604,11.584
395.601,11.583
395.598,11.583
395.595,11.582
395.592,11.581
395.589,11.58
395.586,11.58
395.583,11.579
395.581,11.578
395.578,11.577
395.575,11.576
395.572,11.576
395.569,11.575
395.566,11.574
395.563,11.573
395.56,11.572
395.558,11.572
395.555,11.571
395.552,11.57
395.549,11.569
395.546,11.568
395.543,11.568
395.54,11.567
395.537,11.566
395.535,11.565
395.532,11.565
395.529,11.564
395.526,11.563
395.523,11.562
395.52,11.561
395.517,11.561
395.514,11.56
395.511,11.559
395.509,11.558
395.506,11.557
395.503,11.557
395.5,11.556
395.497,11.555
395.494,11.554
395.491,11.554
395.488,11.553
395.486,11.552
395.483,11.551
395.48,11.55
395.477,11.55
395.474,11.549
395.471,11.548
395.468,11.547
395.465,11.546
395.462,11.546
395.46,11.545
395.457,11.544
395.454,11.543
395.451,11.542
395.448,11.542
395.445,11.541
395.442,11.54
395.439,11.539
395.437,11.539
395.434,11.538
395.431,11.537
395.428,11.536
395.425,11.535
395.422,11.535
395.419,11.534
395.416,11.533
395.413,11.532
395.411,11.531
395.408,11.531
395.405,11.53
395.402,11.529
395.399,11.528
395.396,11.528
395.393,11.527
395.39,11.526
395.387,11.525
395.385,11.524
395.382,11.524
395.379,11.523
395.376,11.522
395.373,11.521
395.37,11.52
395.367,11.52
395.364,11.519
395.361,11.518
395.359,11.517
395.356,11.517
395.353,11.516
395.35,11.515
395.347,11.514
395.344,11.513
395.341,11.513
395.338,11.512
395.335,11.511
395.333,11.51
395.33,11.509
395.327,11.509
395.324,11.508
395.321,11.507
395.318,11.506
395.315,11.505
395.312,11.505
395.309,11.504
395.307,11.503
395.304,11.502
395.301,11.502
395.298,11.501
395.295,11.5
395.292,11.499
395.289,11.498
395.286,11.498
395.283,11.497
395.281,11.496
395.278,11.495
395.275,11.494
395.272,11.494
395.269,11.493
395.266,11.492
395.263,11.491
395.26,11.491
395.257,11.49
395.254,11.489
395.252,11.488
395.249,11.487
395.246,11.487
395.243,11.486
395.24,11.485
395.237,11.484
395.234,11.483
395.231,11.483
395.228,11.482
395.226,11.481
395.223,11.48
395.22,11.479
395.217,11.479
395.214,11.478
395.211,11.477
395.208,11.476
395.205,11.476
395.202,11.475
395.199,11.474
395.197,11.473
395.194,11.472
395.191,11.472
395.188,11.471
395.185,11.47
395.182,11.469
395.179,11.468
395.176,11.468
395.173,11.467
395.17,11.466
395.168,11.465
395.165,11.465
395.162,11.464
395.159,11.463
395.156,11.462
395.153,11.461
395.15,11.461
395.147,11.46
395.144,11.459
395.141,11.458
395.139,11.457
395.136,11.457
395.133,11.456
395.13,11.455
395.127,11.454
395.124,11.453
395.121,11.453
395.118,11.452
395.115,11.451
395.112,11.45
395.11,11.45
395.107,11.449
395.104,11.448
395.101,11.447
395.098,11.446
395.095,11.446
395.092,11.445
395.089,11.444
395.086,11.443
395.083,11.442
395.081,11.442
395.078,11.441
395.075,11.44
395.072,11.439
395.069,11.439
395.066,11.438
395.063,11.437
395.06,11.436
395.057,11.435
395.054,11.435
395.052,11.434
395.049,11.433
395.046,11.432
395.043,11.431
395.04,11.431
395.037,11.43
395.034,11.429
395.031,11.428
395.028,11.428
395.025,11.427
395.022,11.426
395.02,11.425
395.017,11.424
395.014,11.424
395.011,11.423
395.008,11.422
395.005,11.421
395.002,11.42
394.999,11.42
394.996,11.419
394.993,11.418
394.99,11.417
394.988,11.416
394.985,11.416
394.982,11.415
394.979,11.414
394.976,11.413
394.973,11.413
394.97,11.412
394.967,11.411
394.964,11.41
394.961,11.409
394.958,11.409
394.956,11.408
394.953,11.407
394.95,11.406
394.947,11.405
394.944,11.405
394.941,11.404
394.938,11.403
394.935,11.402
394.932,11.402
394.929,11.401
394.926,11.4
394.924,11.399
394.921,11.398
394.918,11.398
394.915,11.397
394.912,11.396
394.909,11.395
394.906,11.394
394.903,11.394
394.9,11.393
394.897,11.392
394.894,11.391
394.891,11.39
394.889,11.39
394.886,11.389
394.883,11.388
394.88,11.387
394.877,11.387
394.874,11.386
394.871,11.385
394.868,11.384
394.865,11.383
394.862,11.383
394.859,11.382
394.856,11.381
394.854,11.38
394.851,11.379
394.848,11.379
394.845,11.378
394.842,11.377
394.839,11.376
394.836,11.376
394.833,11.375
394.83,11.374
394.827,11.373
394.824,11.372
394.821,11.372
394.819,11.371
394.816,11.37
394.813,11.369
394.81,11.368
394.807,11.368
394.804,11.367
394.801,11.366
394.798,11.365
394.795,11.364
394.792,11.364
394.789,11.363
394.786,11.362
394.784,11.361
394.781,11.361
394.778,11.36
394.775,11.359
394.772,11.358
394.769,11.357
394.766,11.357
394.763,11.356
394.76,11.355
394.757,11.354
394.754,11.353
394.751,11.353
394.748,11.352
394.746,11.351
394.743,11.35
394.74,11.35
394.737,11.349
394.734,11.348
394.731,11.347
394.728,11.346
394.725,11.346
394.722,11.345
394.719,11.344
394.716,11.343
394.713,11.342
394.71,11.342
394.708,11.341
394.705,11.34
394.702,11.339
394.699,11.339
394.696,11.338
394.693,11.337
394.69,11.336
394.687,11.335
394.684,11.335
394.681,11.334
394.678,11.333
394.675,11.332
394.672,11.331
394.67,11.331
394.667,11.33
394.664,11.329
394.661,11.328
394.658,11.327
394.655,11.327
394.652,11.326
394.649,11.325
394.646,11.324
394.643,11.324
394.64,11.323
394.637,11.322
394.634,11.321
394.631,11.32
394.629,11.32
394.626,11.319
394.623,11.318
394.62,11.317
394.617,11.316
394.614,11.316
394.611,11.315
394.608,11.314
394.605,11.313
394.602,11.313
394.599,11.312
394.596,11.311
394.593,11.31
394.59,11.309
394.588,11.309
394.585,11.308
394.582,11.307
394.579,11.306
394.576,11.305
394.573,11.305
394.57,11.304
394.567,11.303
394.564,11.302
394.561,11.301
394.558,11.301
394.555,11.3
394.552,11.299
394.549,11.298
394.546,11.298
394.544,11.297
394.541,11.296
394.538,11.295
394.535,11.294
394.532,11.294
394.529,11.293
394.526,11.292
394.523,11.291
394.52,11.29
394.517,11.29
394.514,11.289
394.511,11.288
394.508,11.287
394.505,11.287
394.502,11.286
394.5,11.285
394.497,11.284
394.494,11.283
394.491,11.283
394.488,11.282
394.485,11.281
394.482,11.28
394.479,11.279
394.476,11.279
394.473,11.278
394.47,11.277
394.467,11.276
394.464,11.275
394.461,11.275
394.458,11.274
394.455,11.273
394.453,11.272
394.45,11.272
394.447,11.271
394.444,11.27
394.441,11.269
394.438,11.268
394.435,11.268
394.432,11.267
394.429,11.266
394.426,11.265
394.423,11.26447
394.42,11.26368
394.417,11.26289
394.414,11.26211
394.411,11.26132
394.408,11.26053
394.406,11.25974
394.403,11.25895
394.4,11.25817
394.397,11.25738
394.394,11.25659
394.391,11.2558
394.388,11.25502
394.385,11.25423
394.382,11.25344
394.379,11.25265
394.376,11.25187
394.373,11.25108
394.37,11.25029
394.367,11.2495
394.364,11.24872
394.361,11.24793
394.358,11.24714
394.355,11.24635
394.353,11.24557
394.35,11.24478
394.347,11.24399
394.344,11.2432
394.341,11.24242
394.338,11.24163
394.335,11.24084
394.332,11.24005
394.329,11.23926
394.326,11.23848
394.323,11.23769
394.32,11.2369
394.317,11.23611
394.314,11.23533
394.311,11.23454
394.308,11.23375
394.305,11.23296
394.302,11.23218
394.3,11.23139
394.297,11.2306
394.294,11.22981
394.291,11.22903
394.288,11.22824
394.285,11.22745
394.282,11.22666
394.279,11.22588
394.276,11.22509
394.273,11.2243
394.27,11.22351
394.267,11.22272
394.264,11.22194
394.261,11.22115
394.258,11.22036
394.255,11.21957
394.252,11.21879
394.249,11.218
394.246,11.21721
394.244,11.21642
394.241,11.21564
394.238,11.21485
394.235,11.21406
394.232,11.21327
394.229,11.21249
394.226,11.2117
394.223,11.21091
394.22,11.21012
394.217,11.20934
394.214,11.20855
394.211,11.20776
394.208,11.20697
394.205,11.20618
394.202,11.2054
394.199,11.20461
394.196,11.20382
394.193,11.20303
394.19,11.20225
394.187,11.20146
394.185,11.20067
394.182,11.19988
394.179,11.1991
394.176,11.19831
394.173,11.19752
394.17,11.19673
394.167,11.19595
394.164,11.19516
394.161,11.19437
394.158,11.19358
394.155,11.1928
394.152,11.19201
394.149,11.19122
394.146,11.19043
394.143,11.18964
394.14,11.18886
394.137,11.18807
394.134,11.18728
394.131,11.18649
394.128,11.18571
394.125,11.18492
394.122,11.18413
394.119,11.18334
394.117,11.18256
394.114,11.18177
394.111,11.18098
394.108,11.18019
394.105,11.17941
394.102,11.17862
394.099,11.17783
394.096,11.17704
394.093,11.17626
394.09,11.17547
394.087,11.17468
394.084,11.17389
394.081,11.1731
394.078,11.17232
394.075,11.17153
394.072,11.17074
394.069,11.16995
394.066,11.16917
394.063,11.16838
394.06,11.16759
394.057,11.1668
394.054,11.16602
394.051,11.16523
394.048,11.16444
394.046,11.16365
394.043,11.16287
394.04,11.16208
394.037,11.16129
394.034,11.1605
394.031,11.15972
394.028,11.15893
394.025,11.15814
394.022,11.15735
394.019,11.15657
394.016,11.15578
394.013,11.15499
394.01,11.1542
394.007,11.15341
394.004,11.15263
394.001,11.15184
393.998,11.15105
393.995,11.15026
393.992,11.14948
393.989,11.14869
393.986,11.1479
393.983,11.14711
393.98,11.14633
393.977,11.14554
393.974,11.14475
393.971,11.14396
393.968,11.14318
393.966,11.14239
393.963,11.1416
393.96,11.14081
393.957,11.14003
393.954,11.13924
393.951,11.13845
393.948,11.13766
393.945,11.13687
393.942,11.13609
393.939,11.1353
393.936,11.13451
393.933,11.13372
393.93,11.13294
393.927,11.13215
393.924,11.13136
393.921,11.13057
393.918,11.12979
393.915,11.129
393.912,11.12821
393.909,11.12742
393.906,11.12664
393.903,11.12585
393.9,11.12506
393.897,11.12427
393.894,11.12349
393.891,11.1227
393.888,11.12191
393.885,11.12112
393.882,11.12033
393.879,11.11955
393.877,11.11876
393.874,11.11797
393.871,11.11718
393.868,11.1164
393.865,11.11561
393.862,11.11482
393.859,11.11403
393.856,11.11325
393.853,11.11246
393.85,11.11167
393.847,11.11088
393.844,11.1101
393.841,11.10931
393.838,11.10852
393.835,11.10773
393.832,11.10695
393.829,11.10616
393.826,11.10537
393.823,11.10458
393.82,11.10379
393.817,11.10301
393.814,11.10222
393.811,11.10143
393.808,11.10064
393.805,11.09986
393.802,11.09907
393.799,11.09828
393.796,11.09749
393.793,11.09671
393.79,11.09592
393.787,11.09513
393.784,11.09434
393.781,11.09356
393.778,11.09277
393.775,11.09198
393.772,11.09119
393.769,11.09041
393.766,11.08962
393.764,11.08883
393.761,11.08804
393.758,11.08725
393.755,11.08647
393.752,11.08568
393.749,11.08489
393.746,11.0841
393.743,11.08332
393.74,11.08253
393.737,11.08174
393.734,11.08095
393.731,11.08017
393.728,11.07938
393.725,11.07859
393.722,11.0778
393.719,11.07702
393.716,11.07623
393.713,11.07544
393.71,11.07465
393.707,11.07387
393.704,11.07308
393.701,11.07229
393.698,11.0715
393.695,11.07072
393.692,11.06993
393.689,11.06914
393.686,11.06835
393.683,11.06756
393.68,11.06678
393.677,11.06599
393.674,11.0652
393.671,11.06441
393.668,11.06363
393.665,11.06284
393.662,11.06205
393.659,11.06126
393.656,11.06048
393.653,11.05969
393.65,11.0589
393.647,11.05811
393.644,11.05733
393.641,11.05654
393.638,11.05575
393.635,11.05496
393.632,11.05418
393.629,11.05339
393.626,11.0526
393.623,11.05181
393.62,11.05102
393.617,11.05024
393.614,11.04945
393.612,11.04866
393.609,11.04787
393.606,11.04709
393.603,11.0463
393.6,11.04551
393.597,11.04472
393.594,11.04394
393.591,11.04315
393.588,11.04236
393.585,11.04157
393.582,11.04079
393.579,11.04
393.576,11.03921
393.573,11.03842
393.57,11.03764
393.567,11.03685
393.564,11.03606
393.561,11.03527
393.558,11.03448
393.555,11.0337
393.552,11.03291
393.549,11.03212
393.546,11.03133
393.543,11.03055
393.54,11.02976
393.537,11.02897
393.534,11.02818
393.531,11.0274
393.528,11.02661
393.525,11.02582
393.522,11.02503
393.519,11.02425
393.516,11.02346
393.513,11.02267
393.51,11.02188
393.507,11.0211
393.504,11.02031
393.501,11.01952
393.498,11.01873
393.495,11.01794
393.492,11.01716
393.489,11.01637
393.486,11.01558
393.483,11.01479
393.48,11.01401
393.477,11.01322
393.474,11.01243
393.471,11.01164
393.468,11.01086
393.465,11.01007
393.462,11.00928
393.459,11.00849
393.456,11.00771
393.453,11.00692
393.45,11.00613
393.447,11.00534
393.444,11.00456
393.441,11.00377
393.438,11.00298
393.435,11.00219
393.432,11.0014
393.429,11.00062
393.426,10.99983
393.423,10.99904
393.42,10.99825
393.417,10.99747
393.414,10.99668
393.411,10.99589
393.408,10.9951
393.405,10.99432
393.402,10.99353
393.399,10.99274
393.396,10.99195
393.393,10.99117
393.39,10.99038
393.387,10.98959
393.384,10.9888
393.381,10.98802
393.378,10.98723
393.375,10.98644
393.372,10.98565
393.369,10.98486
393.366,10.98408
393.363,10.98329
393.36,10.9825
393.357,10.98171
393.354,10.98093
393.351,10.98014
393.348,10.97935
393.345,10.97856
393.342,10.97778
393.339,10.97699
393.336,10.9762
393.333,10.97541
393.33,10.97463
393.327,10.97384
393.324,10.97305
393.321,10.97226
393.318,10.97148
393.315,10.97069
393.312,10.9699
393.309,10.96911
393.306,10.96833
393.303,10.96754
393.3,10.96675
393.297,10.96596
393.294,10.96517
393.291,10.96439
393.288,10.9636
393.285,10.96281
393.282,10.96202
393.279,10.96124
393.276,10.96045
393.273,10.95966
393.27,10.95887
393.267,10.95809
393.264,10.9573
393.261,10.95651
393.258,10.95572
393.255,10.95494
393.252,10.95415
393.249,10.95336
393.246,10.95257
393.243,10.95179
393.24,10.951
393.237,10.95021
393.234,10.94942
393.231,10.94863
393.228,10.94785
393.225,10.94706
393.222,10.94627
393.219,10.94548
393.216,10.9447
393.213,10.94391
393.21,10.94312
393.207,10.94233
393.204,10.94155
393.201,10.94076
393.198,10.93997
393.195,10.93918
393.192,10.9384
393.189,10.93761
393.186,10.93682
393.183,10.93603
393.18,10.93525
393.177,10.93446
393.174,10.93367
393.171,10.93288
393.168,10.93209
393.165,10.93131
393.162,10.93052
393.159,10.92973
393.156,10.92894
393.153,10.92816
393.15,10.92737
393.147,10.92658
393.144,10.92579
393.141,10.92501
393.138,10.92422
393.135,10.92343
393.132,10.92264
393.129,10.92186
393.126,10.92107
393.123,10.92028
393.12,10.91949
393.117,10.91871
393.114,10.91792
393.111,10.91713
393.108,10.91634
393.105,10.91555
393.102,10.91477
393.099,10.91398
393.096,10.91319
393.093,10.9124
393.09,10.91162
393.087,10.91083
393.084,10.91004
393.081,10.90925
393.078,10.90847
393.075,10.90768
393.071,10.90689
393.068,10.9061
393.065,10.90532
393.062,10.90453
393.059,10.90374
393.056,10.90295
393.053,10.90217
393.05,10.90138
393.047,10.90059
393.044,10.8998
393.041,10.89901
393.038,10.89823
393.035,10.89744
393.032,10.89665
393.029,10.89586
393.026,10.89508
393.023,10.89429
393.02,10.8935
393.017,10.89271
393.014,10.89193
393.011,10.89114
393.008,10.89035
393.005,10.88956
393.002,10.88878
392.999,10.88799
392.996,10.8872
392.993,10.88641
392.99,10.88563
392.987,10.88484
392.984,10.88405
392.981,10.88326
392.978,10.88248
392.975,10.88169
392.972,10.8809
392.969,10.88011
392.966,10.87932
392.963,10.87854
392.96,10.87775
392.957,10.87696
392.954,10.87617
392.951,10.87539
392.948,10.8746
392.945,10.87381
392.942,10.87302
392.939,10.87224
392.936,10.87145
392.933,10.87066
392.93,10.86987
392.927,10.86909
392.924,10.8683
392.921,10.86751
392.917,10.86672
392.914,10.86594
392.911,10.86515
392.908,10.86436
392.905,10.86357
392.902,10.86278
392.899,10.862
392.896,10.86121
392.893,10.86042
392.89,10.85963
392.887,10.85885
392.884,10.85806
392.881,10.85727
392.878,10.85648
392.875,10.8557
392.872,10.85491
392.869,10.85412
392.866,10.85333
392.863,10.85255
392.86,10.85176
392.857,10.85097
392.854,10.85018
392.851,10.8494
392.848,10.84861
392.845,10.84782
392.842,10.84703
392.839,10.84624
392.836,10.84546
392.833,10.84467
392.83,10.84388
392.827,10.84309
392.824,10.84231
392.821,10.84152
392.818,10.84073
392.815,10.83994
392.812,10.83916
392.808,10.83837
392.805,10.83758
392.802,10.83679
392.799,10.83601
392.796,10.83522
392.793,10.83443
392.79,10.83364
392.787,10.83286
392.784,10.83207
392.781,10.83128
392.778,10.83049
392.775,10.8297
392.772,10.82892
392.769,10.82813
392.766,10.82734
392.763,10.82655
392.76,10.82577
392.757,10.82498
392.754,10.82419
392.751,10.8234
392.748,10.82262
392.745,10.82183
392.742,10.82104
392.739,10.82025
392.736,10.81947
392.733,10.81868
392.73,10.81789
392.727,10.8171
392.724,10.81632
392.721,10.81553
392.718,10.81474
392.714,10.81395
392.711,10.81316
392.708,10.81238
392.705,10.81159
392.702,10.8108
392.699,10.81001
392.696,10.80923
392.693,10.80844
392.69,10.80765
392.687,10.80686
392.684,10.80608
392.681,10.80529
392.678,10.8045
392.675,10.80371
392.672,10.80293
392.669,10.80214
392.666,10.80135
392.663,10.80056
392.66,10.79978
392.657,10.79899
392.654,10.7982
392.651,10.79741
392.648,10.79663
392.645,10.79584
392.642,10.79505
392.639,10.79426
392.635,10.79347
392.632,10.79269
392.629,10.7919
392.626,10.79111
392.623,10.79032
392.62,10.78954
392.617,10.78875
392.614,10.78796
392.611,10.78717
392.608,10.78639
392.605,10.7856
392.602,10.78481
392.599,10.78402
392.596,10.78324
392.593,10.78245
392.59,10.78166
392.587,10.78087
392.584,10.78009
392.581,10.7793
392.578,10.77851
392.575,10.77772
392.572,10.77693
392.569,10.77615
392.566,10.77536
392.562,10.77457
392.559,10.77378
392.556,10.773
392.553,10.77221
392.55,10.77142
392.547,10.77063
392.544,10.76985
392.541,10.76906
392.538,10.76827
392.535,10.76748
392.532,10.7667
392.529,10.76591
392.526,10.76512
392.523,10.76433
392.52,10.76355
392.517,10.76276
392.514,10.76197
392.511,10.76118
392.508,10.76039
392.505,10.75961
392.502,10.75882
392.498,10.75803
392.495,10.75724
392.492,10.75646
392.489,10.75567
392.486,10.75488
392.483,10.75409
392.48,10.75331
392.477,10.75252
392.474,10.75173
392.471,10.75094
392.468,10.75016
392.465,10.74937
392.462,10.74858
392.459,10.74779
392.456,10.74701
392.453,10.74622
392.45,10.74543
392.447,10.74464
392.444,10.74385
392.441,10.74307
392.437,10.74228
392.434,10.74149
392.431,10.7407
392.428,10.73992
392.425,10.73913
392.422,10.73834
392.419,10.73755
392.416,10.73677
392.413,10.73598
392.41,10.73519
392.407,10.7344
392.404,10.73362
392.401,10.73283
392.398,10.73204
392.395,10.73125
392.392,10.73047
392.389,10.72968
392.386,10.72889
392.383,10.7281
392.379,10.72731
392.376,10.72653
392.373,10.72574
392.37,10.72495
392.367,10.72416
392.364,10.72338
392.361,10.72259
392.358,10.7218
392.355,10.72101
392.352,10.72023
392.349,10.71944
392.346,10.71865
392.343,10.71786
392.34,10.71708
392.337,10.71629
392.334,10.7155
392.331,10.71471
392.328,10.71393
392.324,10.71314
392.321,10.71235
392.318,10.71156
392.315,10.71078
392.312,10.70999
392.309,10.7092
392.306,10.70841
392.303,10.70762
392.3,10.70684
392.297,10.70605
392.294,10.70526
392.291,10.70447
392.288,10.70369
392.285,10.7029
392.282,10.70211
392.279,10.70132
392.275,10.70054
392.272,10.69975
392.269,10.69896
392.266,10.69817
392.263,10.69739
392.26,10.6966
392.257,10.69581
392.254,10.69502
392.251,10.69424
392.248,10.69345
392.245,10.69266
392.242,10.69187
392.239,10.69108
392.236,10.6903
392.233,10.68951
392.23,10.68872
392.226,10.68793
392.223,10.68715
392.22,10.68636
392.217,10.68557
392.214,10.68478
392.211,10.684
392.208,10.68321
392.205,10.68242
392.202,10.68163
392.199,10.68085
392.196,10.68006
392.193,10.67927
392.19,10.67848
392.187,10.6777
392.184,10.67691
392.181,10.67612
392.177,10.67533
392.174,10.67454
392.171,10.67376
392.168,10.67297
392.165,10.67218
392.162,10.67139
392.159,10.67061
392.156,10.66982
392.153,10.66903
392.15,10.66824
392.147,10.66746
392.144,10.66667
392.141,10.66588
392.138,10.66509
392.134,10.66431
392.131,10.66352
392.128,10.66273
392.125,10.66194
392.122,10.66116
392.119,10.66037
392.116,10.65958
392.113,10.65879
392.11,10.658
392.107,10.65722
392.104,10.65643
392.101,10.65564
392.098,10.65485
392.095,10.65407
392.092,10.65328
392.088,10.65249
392.085,10.6517
392.082,10.65092
392.079,10.65013
392.076,10.64934
392.073,10.64855
392.07,10.64777
392.067,10.64698
392.064,10.64619
392.061,10.6454
392.058,10.64462
392.055,10.64383
392.052,10.64304
392.048,10.64225
392.045,10.64146
392.042,10.64068
392.039,10.63989
392.036,10.6391
392.033,10.63831
392.03,10.63753
392.027,10.63674
392.024,10.63595
392.021,10.63516
392.018,10.63438
392.015,10.63359
392.012,10.6328
392.009,10.63201
392.005,10.63123
392.002,10.63044
391.999,10.62965
391.996,10.62886
391.993,10.62808
391.99,10.62729
391.987,10.6265
391.984,10.62571
391.981,10.62492
391.978,10.62414
391.975,10.62335
391.972,10.62256
391.968,10.62177
391.965,10.62099
391.962,10.6202
391.959,10.61941
391.956,10.61862
391.953,10.61784
391.95,10.61705
391.947,10.61626
391.944,10.61547
391.941,10.61469
391.938,10.6139
391.935,10.61311
391.932,10.61232
391.928,10.61154
391.925,10.61075
391.922,10.60996
391.919,10.60917
391.916,10.60839
391.913,10.6076
391.91,10.60681
391.907,10.60602
391.904,10.60523
391.901,10.60445
391.898,10.60366
391.895,10.60287
391.891,10.60208
391.888,10.6013
391.885,10.60051
391.882,10.59972
391.879,10.59893
391.876,10.59815
391.873,10.59736
391.87,10.59657
391.867,10.59578
391.864,10.595
391.861,10.59421
391.858,10.59342
391.854,10.59263
391.851,10.59185
391.848,10.59106
391.845,10.59027
391.842,10.58948
391.839,10.58869
391.836,10.58791
391.833,10.58712
391.83,10.58633
391.827,10.58554
391.824,10.58476
391.82,10.58397
391.817,10.58318
391.814,10.58239
391.811,10.58161
391.808,10.58082
391.805,10.58003
391.802,10.57924
391.799,10.57846
391.796,10.57767
391.793,10.57688
391.79,10.57609
391.787,10.57531
391.783,10.57452
391.78,10.57373
391.777,10.57294
391.774,10.57215
391.771,10.57137
391.768,10.57058
391.765,10.56979
391.762,10.569
391.759,10.56822
391.756,10.56743
391.753,10.56664
391.749,10.56585
391.746,10.56507
391.743,10.56428
391.74,10.56349
391.737,10.5627
391.734,10.56192
391.731,10.56113
391.728,10.56034
391.725,10.55955
391.722,10.55877
391.718,10.55798
391.715,10.55719
391.712,10.5564
391.709,10.55561
391.706,10.55483
391.703,10.55404
391.7,10.55325
391.697,10.55246
391.694,10.55168
391.691,10.55089
391.688,10.5501
391.684,10.54931
391.681,10.54853
391.678,10.54774
391.675,10.54695
391.672,10.54616
391.669,10.54538
391.666,10.54459
391.663,10.5438
391.66,10.54301
391.657,10.54223
391.653,10.54144
391.65,10.54065
391.647,10.53986
391.644,10.53907
391.641,10.53829
391.638,10.5375
391.635,10.53671
391.632,10.53592
391.629,10.53514
391.626,10.53435
391.623,10.53356
391.619,10.53277
391.616,10.53199
391.613,10.5312
391.61,10.53041
391.607,10.52962
391.604,10.52884
391.601,10.52805
391.598,10.52726
391.595,10.52647
391.592,10.52569
391.588,10.5249
391.585,10.52411
391.582,10.52332
391.579,10.52254
391.576,10.52175
391.573,10.52096
391.57,10.52017
391.567,10.51938
391.564,10.5186
391.56,10.51781
391.557,10.51702
391.554,10.51623
391.551,10.51545
391.548,10.51466
391.545,10.51387
391.542,10.51308
391.539,10.5123
391.536,10.51151
391.533,10.51072
391.529,10.50993
391.526,10.50915
391.523,10.50836
391.52,10.50757
391.517,10.50678
391.514,10.506
391.511,10.50521
391.508,10.50442
391.505,10.50363
391.501,10.50284
391.498,10.50206
391.495,10.50127
391.492,10.50048
391.489,10.49969
391.486,10.49891
391.483,10.49812
391.48,10.49733
391.477,10.49654
391.474,10.49576
391.47,10.49497
391.467,10.49418
391.464,10.49339
391.461,10.49261
391.458,10.49182
391.455,10.49103
391.452,10.49024
391.449,10.48946
391.446,10.48867
391.442,10.48788
391.439,10.48709
391.436,10.4863
391.433,10.48552
391.43,10.48473
391.427,10.48394
391.424,10.48315
391.421,10.48237
391.418,10.48158
391.414,10.48079
391.411,10.48
391.408,10.47922
391.405,10.47843
391.402,10.47764
391.399,10.47685
391.396,10.47607
391.393,10.47528
391.39,10.47449
391.386,10.4737
391.383,10.47292
391.38,10.47213
391.377,10.47134
391.374,10.47055
391.371,10.46976
391.368,10.46898
391.365,10.46819
391.362,10.4674
391.358,10.46661
391.355,10.46583
391.352,10.46504
391.349,10.46425
391.346,10.46346
391.343,10.46268
391.34,10.46189
391.337,10.4611
391.333,10.46031
391.33,10.45953
391.327,10.45874
391.324,10.45795
391.321,10.45716
391.318,10.45638
391.315,10.45559
391.312,10.4548
391.309,10.45401
391.305,10.45322
391.302,10.45244
391.299,10.45165
391.296,10.45086
391.293,10.45007
391.29,10.44929
391.287,10.4485
391.284,10.44771
391.28,10.44692
391.277,10.44614
391.274,10.44535
391.271,10.44456
391.268,10.44377
391.265,10.44299
391.262,10.4422
391.259,10.44141
391.256,10.44062
391.252,10.43984
391.249,10.43905
391.246,10.43826
391.243,10.43747
391.24,10.43669
391.237,10.4359
391.234,10.43511
391.231,10.43432
391.227,10.43353
391.224,10.43275
391.221,10.43196
391.218,10.43117
391.215,10.43038
391.212,10.4296
391.209,10.42881
391.206,10.42802
391.202,10.42723
391.199,10.42645
391.196,10.42566
391.193,10.42487
391.19,10.42408
391.187,10.4233
391.184,10.42251
391.181,10.42172
391.177,10.42093
391.174,10.42015
391.171,10.41936
391.168,10.41857
391.165,10.41778
391.162,10.41699
391.159,10.41621
391.156,10.41542
391.152,10.41463
391.149,10.41384
391.146,10.41306
391.143,10.41227
391.14,10.41148
391.137,10.41069
391.134,10.40991
391.131,10.40912
391.127,10.40833
391.124,10.40754
391.121,10.40676
391.118,10.40597
391.115,10.40518
391.112,10.40439
391.109,10.40361
391.105,10.40282
391.102,10.40203
391.099,10.40124
391.096,10.40045
391.093,10.39967
391.09,10.39888
391.087,10.39809
391.084,10.3973
391.08,10.39652
391.077,10.39573
391.074,10.39494
391.071,10.39415
391.068,10.39337
391.065,10.39258
391.062,10.39179
391.059,10.391
391.055,10.39022
391.052,10.38943
391.049,10.38864
391.046,10.38785
391.043,10.38707
391.04,10.38628
391.037,10.38549
391.033,10.3847
391.03,10.38391
391.027,10.38313
391.024,10.38234
391.021,10.38155
391.018,10.38076
391.015,10.37998
391.011,10.37919
391.008,10.3784
391.005,10.37761
391.002,10.37683
390.999,10.37604
390.996,10.37525
390.993,10.37446
390.99,10.37368
390.986,10.37289
390.983,10.3721
390.98,10.37131
390.977,10.37053
390.974,10.36974
390.971,10.36895
390.968,10.36816
390.964,10.36737
390.961,10.36659
390.958,10.3658
390.955,10.36501
390.952,10.36422
390.949,10.36344
390.946,10.36265
390.942,10.36186
390.939,10.36107
390.936,10.36029
390.933,10.3595
390.93,10.35871
390.927,10.35792
390.924,10.35714
390.92,10.35635
390.917,10.35556
390.914,10.35477
390.911,10.35399
390.908,10.3532
390.905,10.35241
390.902,10.35162
390.898,10.35084
390.895,10.35005
390.892,10.34926
390.889,10.34847
390.886,10.34768
390.883,10.3469
390.88,10.34611
390.876,10.34532
390.873,10.34453
390.87,10.34375
390.867,10.34296
390.864,10.34217
390.861,10.34138
390.858,10.3406
390.854,10.33981
390.851,10.33902
390.848,10.33823
390.845,10.33745
390.842,10.33666
390.839,10.33587
390.836,10.33508
390.832,10.3343
390.829,10.33351
390.826,10.33272
390.823,10.33193
390.82,10.33114
390.817,10.33036
390.814,10.32957
390.81,10.32878
390.807,10.32799
390.804,10.32721
390.801,10.32642
390.798,10.32563
390.795,10.32484
390.792,10.32406
390.788,10.32327
390.785,10.32248
390.782,10.32169
390.779,10.32091
390.776,10.32012
390.773,10.31933
390.769,10.31854
390.766,10.31776
390.763,10.31697
390.76,10.31618
390.757,10.31539
390.754,10.3146
390.751,10.31382
390.747,10.31303
390.744,10.31224
390.741,10.31145
390.738,10.31067
390.735,10.30988
390.732,10.30909
390.729,10.3083
390.725,10.30752
390.722,10.30673
390.719,10.30594
390.716,10.30515
390.713,10.30437
390.71,10.30358
390.706,10.30279
390.703,10.302
390.7,10.30122
390.697,10.30043
390.694,10.29964
390.691,10.29885
390.688,10.29806
390.684,10.29728
390.681,10.29649
390.678,10.2957
390.675,10.29491
390.672,10.29413
390.669,10.29334
390.665,10.29255
390.662,10.29176
390.659,10.29098
390.656,10.29019
390.653,10.2894
390.65,10.28861
390.646,10.28783
390.643,10.28704
390.64,10.28625
390.637,10.28546
390.634,10.28468
390.631,10.28389
390.628,10.2831
390.624,10.28231
390.621,10.28152
390.618,10.28074
390.615,10.27995
390.612,10.27916
390.609,10.27837
390.605,10.27759
390.602,10.2768
390.599,10.27601
390.596,10.27522
390.593,10.27444
390.59,10.27365
390.586,10.27286
390.583,10.27207
390.58,10.27129
390.577,10.2705
390.574,10.26971
390.571,10.26892
390.567,10.26814
390.564,10.26735
390.561,10.26656
390.558,10.26577
390.555,10.26498
390.552,10.2642
390.549,10.26341
390.545,10.26262
390.542,10.26183
390.539,10.26105
390.536,10.26026
390.533,10.25947
390.53,10.25868
390.526,10.2579
390.523,10.25711
390.52,10.25632
390.517,10.25553
390.514,10.25475
390.511,10.25396
390.507,10.25317
390.504,10.25238
390.501,10.2516
390.498,10.25081
390.495,10.25002
390.492,10.24923
390.488,10.24845
390.485,10.24766
390.482,10.24687
390.479,10.24608
390.476,10.24529
390.473,10.24451
390.469,10.24372
390.466,10.24293
390.463,10.24214
390.46,10.24136
390.457,10.24057
390.454,10.23978
390.45,10.23899
390.447,10.23821
390.444,10.23742
390.441,10.23663
390.438,10.23584
390.434,10.23506
390.431,10.23427
390.428,10.23348
390.425,10.23269
390.422,10.23191
390.419,10.23112
390.415,10.23033
390.412,10.22954
390.409,10.22875
390.406,10.22797
390.403,10.22718
390.4,10.22639
390.396,10.2256
390.393,10.22482
390.39,10.22403
390.387,10.22324
390.384,10.22245
390.381,10.22167
390.377,10.22088
390.374,10.22009
390.371,10.2193
390.368,10.21852
390.365,10.21773
390.362,10.21694
390.358,10.21615
390.355,10.21537
390.352,10.21458
390.349,10.21379
390.346,10.213
390.342,10.21221
390.339,10.21143
390.336,10.21064
390.333,10.20985
390.33,10.20906
390.327,10.20828
390.323,10.20749
390.32,10.2067
390.317,10.20591
390.314,10.20513
390.311,10.20434
390.308,10.20355
390.304,10.20276
390.301,10.20198
390.298,10.20119
390.295,10.2004
390.292,10.19961
390.288,10.19883
390.285,10.19804
390.282,10.19725
390.279,10.19646
390.276,10.19567
390.273,10.19489
390.269,10.1941
390.266,10.19331
390.263,10.19252
390.26,10.19174
390.257,10.19095
390.253,10.19016
390.25,10.18937
390.247,10.18859
390.244,10.1878
390.241,10.18701
390.238,10.18622
390.234,10.18544
390.231,10.18465
390.228,10.18386
390.225,10.18307
390.222,10.18229
390.218,10.1815
390.215,10.18071
390.212,10.17992
390.209,10.17913
390.206,10.17835
390.203,10.17756
390.199,10.17677
390.196,10.17598
390.193,10.1752
390.19,10.17441
390.187,10.17362
390.183,10.17283
390.18,10.17205
390.177,10.17126
390.174,10.17047
390.171,10.16968
390.167,10.1689
390.164,10.16811
390.161,10.16732
390.158,10.16653
390.155,10.16575
390.152,10.16496
390.148,10.16417
390.145,10.16338
390.142,10.1626
390.139,10.16181
390.136,10.16102
390.132,10.16023
390.129,10.15944
390.126,10.15866
390.123,10.15787
390.12,10.15708
390.116,10.15629
390.113,10.15551
390.11,10.15472
390.107,10.15393
390.104,10.15314
390.101,10.15236
390.097,10.15157
390.094,10.15078
390.091,10.14999
390.088,10.14921
390.085,10.14842
390.081,10.14763
390.078,10.14684
390.075,10.14606
390.072,10.14527
390.069,10.14448
390.065,10.14369
390.062,10.1429
390.059,10.14212
390.056,10.14133
390.053,10.14054
390.049,10.13975
390.046,10.13897
390.043,10.13818
390.04,10.13739
390.037,10.1366
390.033,10.13582
390.03,10.13503
390.027,10.13424
390.024,10.13345
390.021,10.13267
390.018,10.13188
390.014,10.13109
390.011,10.1303
390.008,10.12952
390.005,10.12873
390.002,10.12794
389.998,10.12715
389.995,10.12636
389.992,10.12558
389.989,10.12479
389.986,10.124
389.982,10.12321
389.979,10.12243
389.976,10.12164
389.973,10.12085
389.97,10.12006
389.966,10.11928
389.963,10.11849
389.96,10.1177
389.957,10.11691
389.954,10.11613
389.95,10.11534
389.947,10.11455
389.944,10.11376
389.941,10.11298
389.938,10.11219
389.934,10.1114
389.931,10.11061
389.928,10.10982
389.925,10.10904
389.922,10.10825
389.918,10.10746
389.915,10.10667
389.912,10.10589
389.909,10.1051
389.906,10.10431
389.902,10.10352
389.899,10.10274
389.896,10.10195
389.893,10.10116
389.89,10.10037
389.886,10.09959
389.883,10.0988
389.88,10.09801
389.877,10.09722
389.873,10.09644
389.87,10.09565
389.867,10.09486
389.864,10.09407
389.861,10.09328
389.857,10.0925
389.854,10.09171
389.851,10.09092
389.848,10.09013
389.845,10.08935
389.841,10.08856
389.838,10.08777
389.835,10.08698
389.832,10.0862
389.829,10.08541
389.825,10.08462
389.822,10.08383
389.819,10.08305
389.816,10.08226
389.813,10.08147
389.809,10.08068
389.806,10.0799
389.803,10.07911
389.8,10.07832
389.797,10.07753
389.793,10.07675
389.79,10.07596
389.787,10.07517
389.784,10.07438
389.78,10.07359
389.777,10.07281
389.774,10.07202
389.771,10.07123
389.768,10.07044
389.764,10.06966
389.761,10.06887
389.758,10.06808
389.755,10.06729
389.752,10.06651
389.748,10.06572
389.745,10.06493
389.742,10.06414
389.739,10.06336
389.735,10.06257
389.732,10.06178
389.729,10.06099
389.726,10.06021
389.723,10.05942
389.719,10.05863
389.716,10.05784
389.713,10.05705
389.71,10.05627
389.707,10.05548
389.703,10.05469
389.7,10.0539
389.697,10.05312
389.694,10.05233
389.69,10.05154
389.687,10.05075
389.684,10.04997
389.681,10.04918
389.678,10.04839
389.674,10.0476
389.671,10.04682
389.668,10.04603
389.665,10.04524
389.662,10.04445
389.658,10.04367
389.655,10.04288
389.652,10.04209
389.649,10.0413
389.645,10.04051
389.642,10.03973
389.639,10.03894
389.636,10.03815
389.633,10.03736
389.629,10.03658
389.626,10.03579
389.623,10.035
389.62,10.03421
389.616,10.03343
389.613,10.03264
389.61,10.03185
389.607,10.03106
389.604,10.03028
389.6,10.02949
389.597,10.0287
389.594,10.02791
389.591,10.02713
389.587,10.02634
389.584,10.02555
389.581,10.02476
389.578,10.02397
389.575,10.02319
389.571,10.0224
389.568,10.02161
389.565,10.02082
389.562,10.02004
389.558,10.01925
389.555,10.01846
389.552,10.01767
389.549,10.01689
389.546,10.0161
389.542,10.01531
389.539,10.01452
389.536,10.01374
389.533,10.01295
389.529,10.01216
389.526,10.01137
389.523,10.01059
389.52,10.0098
389.517,10.00901
389.513,10.00822
389.51,10.00743
389.507,10.00665
389.504,10.00586
389.5,10.00507
389.497,10.00428
389.494,10.0035
389.491,10.00271
389.487,10.00192
389.484,10.00113
389.481,10.00035
389.478,9.99956
389.475,9.99877
389.471,9.99798
389.468,9.9972
389.465,9.99641
389.462,9.99562
389.458,9.99483
389.455,9.99405
389.452,9.99326
389.449,9.99247
389.445,9.99168
389.442,9.99089
389.439,9.99011
389.436,9.98932
389.433,9.98853
389.429,9.98774
389.426,9.98696
389.423,9.98617
389.42,9.98538
389.416,9.98459
389.413,9.98381
389.41,9.98302
389.407,9.98223
389.403,9.98144
389.4,9.98066
389.397,9.97987
389.394,9.97908
389.391,9.97829
389.387,9.97751
389.384,9.97672
389.381,9.97593
389.378,9.97514
389.374,9.97436
389.371,9.97357
389.368,9.97278
389.365,9.97199
389.361,9.9712
389.358,9.97042
389.355,9.96963
389.352,9.96884
389.348,9.96805
389.345,9.96727
389.342,9.96648
389.339,9.96569
389.336,9.9649
389.332,9.96412
389.329,9.96333
389.326,9.96254
389.323,9.96175
389.319,9.96097
389.316,9.96018
389.313,9.95939
389.31,9.9586
389.306,9.95782
389.303,9.95703
389.3,9.95624
389.297,9.95545
389.293,9.95466
389.29,9.95388
389.287,9.95309
389.284,9.9523
389.28,9.95151
389.277,9.95073
389.274,9.94994
389.271,9.94915
389.267,9.94836
389.264,9.94758
389.261,9.94679
389.258,9.946
389.255,9.94521
389.251,9.94443
389.248,9.94364
389.245,9.94285
389.242,9.94206
389.238,9.94128
389.235,9.94049
389.232,9.9397
389.229,9.93891
389.225,9.93812
389.222,9.93734
389.219,9.93655
389.216,9.93576
389.212,9.93497
389.209,9.93419
389.206,9.9334
389.203,9.93261
389.199,9.93182
389.196,9.93104
389.193,9.93025
389.19,9.92946
389.186,9.92867
389.183,9.92789
389.18,9.9271
389.177,9.92631
389.173,9.92552
389.17,9.92474
389.167,9.92395
389.164,9.92316
389.16,9.92237
389.157,9.92158
389.154,9.9208
389.151,9.92001
389.147,9.91922
389.144,9.91843
389.141,9.91765
389.138,9.91686
389.134,9.91607
389.131,9.91528
389.128,9.9145
389.125,9.91371
389.121,9.91292
389.118,9.91213
389.115,9.91135
389.112,9.91056
389.108,9.90977
389.105,9.90898
389.102,9.9082
389.099,9.90741
389.095,9.90662
389.092,9.90583
389.089,9.90504
389.086,9.90426
389.082,9.90347
389.079,9.90268
389.076,9.90189
389.073,9.90111
389.069,9.90032
389.066,9.89953
389.063,9.89874
389.06,9.89796
389.056,9.89717
389.053,9.89638
389.05,9.89559
389.047,9.89481
389.043,9.89402
389.04,9.89323
389.037,9.89244
389.033,9.89166
389.03,9.89087
389.027,9.89008
389.024,9.88929
389.02,9.88851
389.017,9.88772
389.014,9.88693
389.011,9.88614
389.007,9.88535
389.004,9.88457
389.001,9.88378
388.998,9.88299
388.994,9.8822
388.991,9.88142
388.988,9.88063
388.985,9.87984
388.981,9.87905
388.978,9.87827
388.975,9.87748
388.972,9.87669
388.968,9.8759
388.965,9.87512
388.962,9.87433
388.959,9.87354
388.955,9.87275
388.952,9.87197
388.949,9.87118
388.945,9.87039
388.942,9.8696
388.939,9.86881
388.936,9.86803
388.932,9.86724
388.929,9.86645
388.926,9.86566
388.923,9.86488
388.919,9.86409
388.916,9.8633
388.913,9.86251
388.91,9.86173
388.906,9.86094
388.903,9.86015
388.9,9.85936
388.897,9.85858
388.893,9.85779
388.89,9.857
388.887,9.85621
388.883,9.85543
388.88,9.85464
388.877,9.85385
388.874,9.85306
388.87,9.85227
388.867,9.85149
388.864,9.8507
388.861,9.84991
388.857,9.84912
388.854,9.84834
388.851,9.84755
388.848,9.84676
388.844,9.84597
388.841,9.84519
388.838,9.8444
388.834,9.84361
388.831,9.84282
388.828,9.84204
388.825,9.84125
388.821,9.84046
388.818,9.83967
388.815,9.83889
388.812,9.8381
388.808,9.83731
388.805,9.83652
388.802,9.83573
388.798,9.83495
388.795,9.83416
388.792,9.83337
388.789,9.83258
388.785,9.8318
388.782,9.83101
388.779,9.83022
388.776,9.82943
388.772,9.82865
388.769,9.82786
388.766,9.82707
388.762,9.82628
388.759,9.8255
388.756,9.82471
388.753,9.82392
388.749,9.82313
388.746,9.82235
388.743,9.82156
388.74,9.82077
388.736,9.81998
388.733,9.81919
388.73,9.81841
388.726,9.81762
388.723,9.81683
388.72,9.81604
388.717,9.81526
388.713,9.81447
388.71,9.81368
388.707,9.81289
388.703,9.81211
388.7,9.81132
388.697,9.81053
388.694,9.80974
388.69,9.80896
388.687,9.80817
388.684,9.80738
388.681,9.80659
388.677,9.80581
388.674,9.80502
388.671,9.80423
388.667,9.80344
388.664,9.80266
388.661,9.80187
388.658,9.80108
388.654,9.80029
388.651,9.7995
388.648,9.79872
388.644,9.79793
388.641,9.79714
388.638,9.79635
388.635,9.79557
388.631,9.79478
388.628,9.79399
388.625,9.7932
388.621,9.79242
388.618,9.79163
388.615,9.79084
388.612,9.79005
388.608,9.78927
388.605,9.78848
388.602,9.78769
388.598,9.7869
388.595,9.78612
388.592,9.78533
388.589,9.78454
388.585,9.78375
388.582,9.78296
388.579,9.78218
388.575,9.78139
388.572,9.7806
388.569,9.77981
388.566,9.77903
388.562,9.77824
388.559,9.77745
388.556,9.77666
388.552,9.77588
388.549,9.77509
388.546,9.7743
388.543,9.77351
388.539,9.77273
388.536,9.77194
388.533,9.77115
388.529,9.77036
388.526,9.76958
388.523,9.76879
388.52,9.768
388.516,9.76721
388.513,9.76642
388.51,9.76564
388.506,9.76485
388.503,9.76406
388.5,9.76327
388.497,9.76249
388.493,9.7617
388.49,9.76091
388.487,9.76012
388.483,9.75934
388.48,9.75855
388.477,9.75776
388.474,9.75697
388.47,9.75619
388.467,9.7554
388.464,9.75461
388.46,9.75382
388.457,9.75304
388.454,9.75225
388.45,9.75146
388.447,9.75067
388.444,9.74988
388.441,9.7491
388.437,9.74831
388.434,9.74752
388.431,9.74673
388.427,9.74595
388.424,9.74516
388.421,9.74437
388.418,9.74358
388.414,9.7428
388.411,9.74201
388.408,9.74122
388.404,9.74043
388.401,9.73965
388.398,9.73886
388.394,9.73807
388.391,9.73728
388.388,9.7365
388.385,9.73571
388.381,9.73492
388.378,9.73413
388.375,9.73334
388.371,9.73256
388.368,9.73177
388.365,9.73098
388.361,9.73019
388.358,9.72941
388.355,9.72862
388.352,9.72783
388.348,9.72704
388.345,9.72626
388.342,9.72547
388.338,9.72468
388.335,9.72389
388.332,9.72311
388.328,9.72232
388.325,9.72153
388.322,9.72074
388.319,9.71996
388.315,9.71917
388.312,9.71838
388.309,9.71759
388.305,9.71681
388.302,9.71602
388.299,9.71523
388.295,9.71444
388.292,9.71365
388.289,9.71287
388.286,9.71208
388.282,9.71129
388.279,9.7105
388.276,9.70972
388.272,9.70893
388.269,9.70814
388.266,9.70735
388.262,9.70657
388.259,9.70578
388.256,9.70499
388.252,9.7042
388.249,9.70342
388.246,9.70263
388.243,9.70184
388.239,9.70105
388.236,9.70027
388.233,9.69948
388.229,9.69869
388.226,9.6979
388.223,9.69711
388.219,9.69633
388.216,9.69554
388.213,9.69475
388.209,9.69396
388.206,9.69318
388.203,9.69239
388.2,9.6916
388.196,9.69081
388.193,9.69003
388.19,9.68924
388.186,9.68845
388.183,9.68766
388.18,9.68688
388.176,9.68609
388.173,9.6853
388.17,9.68451
388.166,9.68373
388.163,9.68294
388.16,9.68215
388.156,9.68136
388.153,9.68057
388.15,9.67979
388.147,9.679
388.143,9.67821
388.14,9.67742
388.137,9.67664
388.133,9.67585
388.13,9.67506
388.127,9.67427
388.123,9.67349
388.12,9.6727
388.117,9.67191
388.113,9.67112
388.11,9.67034
388.107,9.66955
388.103,9.66876
388.1,9.66797
388.097,9.66719
388.093,9.6664
388.09,9.66561
388.087,9.66482
388.084,9.66403
388.08,9.66325
388.077,9.66246
388.074,9.66167
388.07,9.66088
388.067,9.6601
388.064,9.65931
388.06,9.65852
388.057,9.65773
388.054,9.65695
388.05,9.65616
388.047,9.65537
388.044,9.65458
388.04,9.6538
388.037,9.65301
388.034,9.65222
388.03,9.65143
388.027,9.65065
388.024,9.64986
388.02,9.64907
388.017,9.64828
388.014,9.64749
388.01,9.64671
388.007,9.64592
388.004,9.64513
388.001,9.64434
387.997,9.64356
387.994,9.64277
387.991,9.64198
387.987,9.64119
387.984,9.64041
387.981,9.63962
387.977,9.63883
387.974,9.63804
387.971,9.63726
387.967,9.63647
387.964,9.63568
387.961,9.63489
387.957,9.63411
387.954,9.63332
387.951,9.63253
387.947,9.63174
387.944,9.63095
387.941,9.63017
387.937,9.62938
387.934,9.62859
387.931,9.6278
387.927,9.62702
387.924,9.62623
387.921,9.62544
387.917,9.62465
387.914,9.62387
387.911,9.62308
387.907,9.62229
387.904,9.6215
387.901,9.62072
387.897,9.61993
387.894,9.61914
387.891,9.61835
387.887,9.61757
387.884,9.61678
387.881,9.61599
387.877,9.6152
387.874,9.61442
387.871,9.61363
387.867,9.61284
387.864,9.61205
387.861,9.61126
387.857,9.61048
387.854,9.60969
387.851,9.6089
387.847,9.60811
387.844,9.60733
387.841,9.60654
387.837,9.60575
387.834,9.60496
387.831,9.60418
387.827,9.60339
387.824,9.6026
387.821,9.60181
387.817,9.60103
387.814,9.60024
387.811,9.59945
387.807,9.59866
387.804,9.59788
387.801,9.59709
387.797,9.5963
387.794,9.59551
387.791,9.59472
387.787,9.59394
387.784,9.59315
387.781,9.59236
387.777,9.59157
387.774,9.59079
387.771,9.59
387.767,9.58921
387.764,9.58842
387.761,9.58764
387.757,9.58685
387.754,9.58606
387.751,9.58527
387.747,9.58449
387.744,9.5837
387.741,9.58291
387.737,9.58212
387.734,9.58134
387.731,9.58055
387.727,9.57976
387.724,9.57897
387.721,9.57818
387.717,9.5774
387.714,9.57661
387.711,9.57582
387.707,9.57503
387.704,9.57425
387.701,9.57346
387.697,9.57267
387.694,9.57188
387.691,9.5711
387.687,9.57031
387.684,9.56952
387.681,9.56873
387.677,9.56795
387.674,9.56716
387.671,9.56637
387.667,9.56558
387.664,9.5648
387.66,9.56401
387.657,9.56322
387.654,9.56243
387.65,9.56164
387.647,9.56086
387.644,9.56007
387.64,9.55928
387.637,9.55849
387.634,9.55771
387.63,9.55692
387.627,9.55613
387.624,9.55534
387.62,9.55456
387.617,9.55377
387.614,9.55298
387.61,9.55219
387.607,9.55141
387.604,9.55062
387.6,9.54983
387.597,9.54904
387.594,9.54826
387.59,9.54747
387.587,9.54668
387.583,9.54589
387.58,9.5451
387.577,9.54432
387.573,9.54353
387.57,9.54274
387.567,9.54195
387.563,9.54117
387.56,9.54038
387.557,9.53959
387.553,9.5388
387.55,9.53802
387.547,9.53723
387.543,9.53644
387.54,9.53565
387.537,9.53487
387.533,9.53408
387.53,9.53329
387.526,9.5325
387.523,9.53172
387.52,9.53093
387.516,9.53014
387.513,9.52935
387.51,9.52857
387.506,9.52778
387.503,9.52699
387.5,9.5262
387.496,9.52541
387.493,9.52463
387.49,9.52384
387.486,9.52305
387.483,9.52226
387.48,9.52148
387.476,9.52069
387.473,9.5199
387.469,9.51911
387.466,9.51833
387.463,9.51754
387.459,9.51675
387.456,9.51596
387.453,9.51518
387.449,9.51439
387.446,9.5136
387.443,9.51281
387.439,9.51203
387.436,9.51124
387.433,9.51045
387.429,9.50966
387.426,9.50887
387.422,9.50809
387.419,9.5073
387.416,9.50651
387.412,9.50572
387.409,9.50494
387.406,9.50415
387.402,9.50336
387.399,9.50257
387.396,9.50179
387.392,9.501
387.389,9.50021
387.385,9.49942
387.382,9.49864
387.379,9.49785
387.375,9.49706
387.372,9.49627
387.369,9.49549
387.365,9.4947
387.362,9.49391
387.359,9.49312
387.355,9.49233
387.352,9.49155
387.348,9.49076
387.345,9.48997
387.342,9.48918
387.338,9.4884
387.335,9.48761
387.332,9.48682
387.328,9.48603
387.325,9.48525
387.322,9.48446
387.318,9.48367
387.315,9.48288
387.311,9.4821
387.308,9.48131
387.305,9.48052
387.301,9.47973
387.298,9.47895
387.295,9.47816
387.291,9.47737
387.288,9.47658
387.284,9.47579
387.281,9.47501
387.278,9.47422
387.274,9.47343
387.271,9.47264
387.268,9.47186
387.264,9.47107
387.261,9.47028
387.257,9.46949
387.254,9.46871
387.251,9.46792
387.247,9.46713
387.244,9.46634
387.241,9.46556
387.237,9.46477
387.234,9.46398
387.231,9.46319
387.227,9.46241
387.224,9.46162
387.22,9.46083
387.217,9.46004
387.214,9.45925
387.21,9.45847
387.207,9.45768
387.204,9.45689
387.2,9.4561
387.197,9.45532
387.193,9.45453
387.19,9.45374
387.187,9.45295
387.183,9.45217
387.18,9.45138
387.177,9.45059
387.173,9.4498
387.17,9.44902
387.166,9.44823
387.163,9.44744
387.16,9.44665
387.156,9.44587
387.153,9.44508
387.15,9.44429
387.146,9.4435
387.143,9.44272
387.139,9.44193
387.136,9.44114
387.133,9.44035
387.129,9.43956
387.126,9.43878
387.122,9.43799
387.119,9.4372
387.116,9.43641
387.112,9.43563
387.109,9.43484
387.106,9.43405
387.102,9.43326
387.099,9.43248
387.095,9.43169
387.092,9.4309
387.089,9.43011
387.085,9.42933
387.082,9.42854
387.079,9.42775
387.075,9.42696
387.072,9.42618
387.068,9.42539
387.065,9.4246
387.062,9.42381
387.058,9.42302
387.055,9.42224
387.051,9.42145
387.048,9.42066
387.045,9.41987
387.041,9.41909
387.038,9.4183
387.035,9.41751
387.031,9.41672
387.028,9.41594
387.024,9.41515
387.021,9.41436
387.018,9.41357
387.014,9.41279
387.011,9.412
387.007,9.41121
387.004,9.41042
387.001,9.40964
386.997,9.40885
386.994,9.40806
386.99,9.40727
386.987,9.40648
386.984,9.4057
386.98,9.40491
386.977,9.40412
386.974,9.40333
386.97,9.40255
386.967,9.40176
386.963,9.40097
386.96,9.40018
386.957,9.3994
386.953,9.39861
386.95,9.39782
386.946,9.39703
386.943,9.39625
386.94,9.39546
386.936,9.39467
386.933,9.39388
386.929,9.3931
386.926,9.39231
386.923,9.39152
386.919,9.39073
386.916,9.38994
386.912,9.38916
386.909,9.38837
386.906,9.38758
386.902,9.38679
386.899,9.38601
386.895,9.38522
386.892,9.38443
386.889,9.38364
386.885,9.38286
386.882,9.38207
386.879,9.38128
386.875,9.38049
386.872,9.37971
386.868,9.37892
386.865,9.37813
386.862,9.37734
386.858,9.37656
386.855,9.37577
386.851,9.37498
386.848,9.37419
386.845,9.3734
386.841,9.37262
386.838,9.37183
386.834,9.37104
386.831,9.37025
386.828,9.36947
386.824,9.36868
386.821,9.36789
386.817,9.3671
386.814,9.36632
386.811,9.36553
386.807,9.36474
386.804,9.36395
386.8,9.36317
386.797,9.36238
386.794,9.36159
386.79,9.3608
386.787,9.36002
386.783,9.35923
386.78,9.35844
386.777,9.35765
386.773,9.35686
386.77,9.35608
386.766,9.35529
386.763,9.3545
386.759,9.35371
386.756,9.35293
386.753,9.35214
386.749,9.35135
386.746,9.35056
386.742,9.34978
386.739,9.34899
386.736,9.3482
386.732,9.34741
386.729,9.34663
386.725,9.34584
386.722,9.34505
386.719,9.34426
386.715,9.34348
386.712,9.34269
386.708,9.3419
386.705,9.34111
386.702,9.34033
386.698,9.33954
386.695,9.33875
386.691,9.33796
386.688,9.33717
386.685,9.33639
386.681,9.3356
386.678,9.33481
386.674,9.33402
386.671,9.33324
386.668,9.33245
386.664,9.33166
386.661,9.33087
386.657,9.33009
386.654,9.3293
386.65,9.32851
386.647,9.32772
386.644,9.32694
386.64,9.32615
386.637,9.32536
386.633,9.32457
386.63,9.32379
386.627,9.323
386.623,9.32221
386.62,9.32142
386.616,9.32063
386.613,9.31985
386.609,9.31906
386.606,9.31827
386.603,9.31748
386.599,9.3167
386.596,9.31591
386.592,9.31512
386.589,9.31433
386.586,9.31355
386.582,9.31276
386.579,9.31197
386.575,9.31118
386.572,9.3104
386.569,9.30961
386.565,9.30882
386.562,9.30803
386.558,9.30725
386.555,9.30646
386.551,9.30567
386.548,9.30488
386.545,9.30409
386.541,9.30331
386.538,9.30252
386.534,9.30173
386.531,9.30094
386.527,9.30016
386.524,9.29937
386.521,9.29858
386.517,9.29779
386.514,9.29701
386.51,9.29622
386.507,9.29543
386.504,9.29464
386.5,9.29386
386.497,9.29307
386.493,9.29228
386.49,9.29149
386.486,9.29071
386.483,9.28992
386.48,9.28913
386.476,9.28834
386.473,9.28755
386.469,9.28677
386.466,9.28598
386.462,9.28519
386.459,9.2844
386.456,9.28362
386.452,9.28283
386.449,9.28204
386.445,9.28125
386.442,9.28047
386.438,9.27968
386.435,9.27889
386.432,9.2781
386.428,9.27732
386.425,9.27653
386.421,9.27574
386.418,9.27495
386.415,9.27417
386.411,9.27338
386.408,9.27259
386.404,9.2718
386.401,9.27101
386.397,9.27023
386.394,9.26944
386.391,9.26865
386.387,9.26786
386.384,9.26708
386.38,9.26629
386.377,9.2655
386.373,9.26471
386.37,9.26393
386.366,9.26314
386.363,9.26235
386.36,9.26156
386.356,9.26078
386.353,9.25999
386.349,9.2592
386.346,9.25841
386.342,9.25763
386.339,9.25684
386.336,9.25605
386.332,9.25526
386.329,9.25448
386.325,9.25369
386.322,9.2529
386.318,9.25211
386.315,9.25132
386.312,9.25054
386.308,9.24975
386.305,9.24896
386.301,9.24817
386.298,9.24739
386.294,9.2466
386.291,9.24581
386.288,9.24502
386.284,9.24424
386.281,9.24345
386.277,9.24266
386.274,9.24187
386.27,9.24109
386.267,9.2403
386.263,9.23951
386.26,9.23872
386.257,9.23794
386.253,9.23715
386.25,9.23636
386.246,9.23557
386.243,9.23478
386.239,9.234
386.236,9.23321
386.233,9.23242
386.229,9.23163
386.226,9.23085
386.222,9.23006
386.219,9.22927
386.215,9.22848
386.212,9.2277
386.208,9.22691
386.205,9.22612
386.202,9.22533
386.198,9.22455
386.195,9.22376
386.191,9.22297
386.188,9.22218
386.184,9.2214
386.181,9.22061
386.177,9.21982
386.174,9.21903
386.171,9.21824
386.167,9.21746
386.164,9.21667
386.16,9.21588
386.157,9.21509
386.153,9.21431
386.15,9.21352
386.146,9.21273
386.143,9.21194
386.14,9.21116
386.136,9.21037
386.133,9.20958
386.129,9.20879
386.126,9.20801
386.122,9.20722
386.119,9.20643
386.115,9.20564
386.112,9.20486
386.109,9.20407
386.105,9.20328
386.102,9.20249
386.098,9.2017
386.095,9.20092
386.091,9.20013
386.088,9.19934
386.084,9.19855
386.081,9.19777
386.078,9.19698
386.074,9.19619
386.071,9.1954
386.067,9.19462
386.064,9.19383
386.06,9.19304
386.057,9.19225
386.053,9.19147
386.05,9.19068
386.046,9.18989
386.043,9.1891
386.04,9.18832
386.036,9.18753
386.033,9.18674
386.029,9.18595
386.026,9.18516
386.022,9.18438
386.019,9.18359
386.015,9.1828
386.012,9.18201
386.008,9.18123
386.005,9.18044
386.002,9.17965
385.998,9.17886
385.995,9.17808
385.991,9.17729
385.988,9.1765
385.984,9.17571
385.981,9.17493
385.977,9.17414
385.974,9.17335
385.97,9.17256
385.967,9.17178
385.964,9.17099
385.96,9.1702
385.957,9.16941
385.953,9.16863
385.95,9.16784
385.946,9.16705
385.943,9.16626
385.939,9.16547
385.936,9.16469
385.932,9.1639
385.929,9.16311
385.925,9.16232
385.922,9.16154
385.919,9.16075
385.915,9.15996
385.912,9.15917
385.908,9.15839
385.905,9.1576
385.901,9.15681
385.898,9.15602
385.894,9.15524
385.891,9.15445
385.887,9.15366
385.884,9.15287
385.88,9.15209
385.877,9.1513
385.874,9.15051
385.87,9.14972
385.867,9.14893
385.863,9.14815
385.86,9.14736
385.856,9.14657
385.853,9.14578
385.849,9.145
385.846,9.14421
385.842,9.14342
385.839,9.14263
385.835,9.14185
385.832,9.14106
385.828,9.14027
385.825,9.13948
385.822,9.1387
385.818,9.13791
385.815,9.13712
385.811,9.13633
385.808,9.13555
385.804,9.13476
385.801,9.13397
385.797,9.13318
385.794,9.13239
385.79,9.13161
385.787,9.13082
385.783,9.13003
385.78,9.12924
385.776,9.12846
385.773,9.12767
385.77,9.12688
385.766,9.12609
385.763,9.12531
385.759,9.12452
385.756,9.12373
385.752,9.12294
385.749,9.12216
385.745,9.12137
385.742,9.12058
385.738,9.11979
385.735,9.11901
385.731,9.11822
385.728,9.11743
385.724,9.11664
385.721,9.11585
385.717,9.11507
385.714,9.11428
385.71,9.11349
385.707,9.1127
385.704,9.11192
385.7,9.11113
385.697,9.11034
385.693,9.10955
385.69,9.10877
385.686,9.10798
385.683,9.10719
385.679,9.1064
385.676,9.10562
385.672,9.10483
385.669,9.10404
385.665,9.10325
385.662,9.10247
385.658,9.10168
385.655,9.10089
385.651,9.1001
385.648,9.09931
385.644,9.09853
385.641,9.09774
385.637,9.09695
385.634,9.09616
385.63,9.09538
385.627,9.09459
385.624,9.0938
385.62,9.09301
385.617,9.09223
385.613,9.09144
385.61,9.09065
385.606,9.08986
385.603,9.08908
385.599,9.08829
385.596,9.0875
385.592,9.08671
385.589,9.08593
385.585,9.08514
385.582,9.08435
385.578,9.08356
385.575,9.08278
385.571,9.08199
385.568,9.0812
385.564,9.08041
385.561,9.07962
385.557,9.07884
385.554,9.07805
385.55,9.07726
385.547,9.07647
385.543,9.07569
385.54,9.0749
385.536,9.07411
385.533,9.07332
385.529,9.07254
385.526,9.07175
385.522,9.07096
385.519,9.07017
385.515,9.06939
385.512,9.0686
385.509,9.06781
385.505,9.06702
385.502,9.06624
385.498,9.06545
385.495,9.06466
385.491,9.06387
385.488,9.06308
385.484,9.0623
385.481,9.06151
385.477,9.06072
385.474,9.05993
385.47,9.05915
385.467,9.05836
385.463,9.05757
385.46,9.05678
385.456,9.056
385.453,9.05521
385.449,9.05442
385.446,9.05363
385.442,9.05285
385.439,9.05206
385.435,9.05127
385.432,9.05048
385.428,9.0497
385.425,9.04891
385.421,9.04812
385.418,9.04733
385.414,9.04654
385.411,9.04576
385.407,9.04497
385.404,9.04418
385.4,9.04339
385.397,9.04261
385.393,9.04182
385.39,9.04103
385.386,9.04024
385.383,9.03946
385.379,9.03867
385.376,9.03788
385.372,9.03709
385.369,9.03631
385.365,9.03552
385.362,9.03473
385.358,9.03394
385.355,9.03316
385.351,9.03237
385.348,9.03158
385.344,9.03079
385.341,9.03
385.337,9.02922
385.334,9.02843
385.33,9.02764
385.327,9.02685
385.323,9.02607
385.32,9.02528
385.316,9.02449
385.313,9.0237
385.309,9.02292
385.306,9.02213
385.302,9.02134
385.299,9.02055
385.295,9.01977
385.292,9.01898
385.288,9.01819
385.285,9.0174
385.281,9.01662
385.278,9.01583
385.274,9.01504
385.271,9.01425
385.267,9.01346
385.264,9.01268
385.26,9.01189
385.257,9.0111
385.253,9.01031
385.25,9.00953
385.246,9.00874
385.243,9.00795
385.239,9.00716
385.236,9.00638
385.232,9.00559
385.229,9.0048
385.225,9.00401
385.222,9.00323
385.218,9.00244
385.215,9.00165
385.211,9.00086
385.208,9.00008
385.204,8.99929
385.201,8.9985
385.197,8.99771
385.194,8.99692
385.19,8.99614
385.187,8.99535
385.183,8.99456
385.179,8.99377
385.176,8.99299
385.172,8.9922
385.169,8.99141
385.165,8.99062
385.162,8.98984
385.158,8.98905
385.155,8.98826
385.151,8.98747
385.148,8.98669
385.144,8.9859
385.141,8.98511
385.137,8.98432
385.134,8.98354
385.13,8.98275
385.127,8.98196
385.123,8.98117
385.12,8.98039
385.116,8.9796
385.113,8.97881
385.109,8.97802
385.106,8.97723
385.102,8.97645
385.099,8.97566
385.095,8.97487
385.092,8.97408
385.088,8.9733
385.085,8.97251
385.081,8.97172
385.078,8.97093
385.074,8.97015
385.071,8.96936
385.067,8.96857
385.063,8.96778
385.06,8.967
385.056,8.96621
385.053,8.96542
385.049,8.96463
385.046,8.96385
385.042,8.96306
385.039,8.96227
385.035,8.96148
385.032,8.96069
385.028,8.95991
385.025,8.95912
385.021,8.95833
385.018,8.95754
385.014,8.95676
385.011,8.95597
385.007,8.95518
385.004,8.95439
385,8.95361
384.997,8.95282
384.993,8.95203
384.99,8.95124
384.986,8.95046
384.982,8.94967
384.979,8.94888
384.975,8.94809
384.972,8.94731
384.968,8.94652
384.965,8.94573
384.961,8.94494
384.958,8.94415
384.954,8.94337
384.951,8.94258
384.947,8.94179
384.944,8.941
384.94,8.94022
384.937,8.93943
384.933,8.93864
384.93,8.93785
384.926,8.93707
384.922,8.93628
384.919,8.93549
384.915,8.9347
384.912,8.93392
384.908,8.93313
384.905,8.93234
384.901,8.93155
384.898,8.93077
384.894,8.92998
384.891,8.92919
384.887,8.9284
384.884,8.92761
384.88,8.92683
384.877,8.92604
384.873,8.92525
384.87,8.92446
384.866,8.92368
384.862,8.92289
384.859,8.9221
384.855,8.92131
384.852,8.92053
384.848,8.91974
384.845,8.91895
384.841,8.91816
384.838,8.91738
384.834,8.91659
384.831,8.9158
384.827,8.91501
384.824,8.91423
384.82,8.91344
384.816,8.91265
384.813,8.91186
384.809,8.91107
384.806,8.91029
384.802,8.9095
384.799,8.90871
384.795,8.90792
384.792,8.90714
384.788,8.90635
384.785,8.90556
384.781,8.90477
384.778,8.90399
384.774,8.9032
384.77,8.90241
384.767,8.90162
384.763,8.90084
384.76,8.90005
384.756,8.89926
384.753,8.89847
384.749,8.89769
384.746,8.8969
384.742,8.89611
384.739,8.89532
384.735,8.89454
384.732,8.89375
384.728,8.89296
384.724,8.89217
384.721,8.89138
384.717,8.8906
384.714,8.88981
384.71,8.88902
384.707,8.88823
384.703,8.88745
384.7,8.88666
384.696,8.88587
384.693,8.88508
384.689,8.8843
384.685,8.88351
384.682,8.88272
384.678,8.88193
384.675,8.88115
384.671,8.88036
384.668,8.87957
384.664,8.87878
384.661,8.878
384.657,8.87721
384.654,8.87642
384.65,8.87563
384.646,8.87484
384.643,8.87406
384.639,8.87327
384.636,8.87248
384.632,8.87169
384.629,8.87091
384.625,8.87012
384.622,8.86933
384.618,8.86854
384.614,8.86776
384.611,8.86697
384.607,8.86618
384.604,8.86539
384.6,8.86461
384.597,8.86382
384.593,8.86303
384.59,8.86224
384.586,8.86146
384.583,8.86067
384.579,8.85988
384.575,8.85909
384.572,8.8583
384.568,8.85752
384.565,8.85673
384.561,8.85594
384.558,8.85515
384.554,8.85437
384.551,8.85358
384.547,8.85279
384.543,8.852
384.54,8.85122
384.536,8.85043
384.533,8.84964
384.529,8.84885
384.526,8.84807
384.522,8.84728
384.518,8.84649
384.515,8.8457
384.511,8.84492
384.508,8.84413
384.504,8.84334
384.501,8.84255
384.497,8.84176
384.494,8.84098
384.49,8.84019
384.486,8.8394
384.483,8.83861
384.479,8.83783
384.476,8.83704
384.472,8.83625
384.469,8.83546
384.465,8.83468
384.462,8.83389
384.458,8.8331
384.454,8.83231
384.451,8.83153
384.447,8.83074
384.444,8.82995
384.44,8.82916
384.437,8.82838
384.433,8.82759
384.429,8.8268
384.426,8.82601
384.422,8.82522
384.419,8.82444
384.415,8.82365
384.412,8.82286
384.408,8.82207
384.405,8.82129
384.401,8.8205
384.397,8.81971
384.394,8.81892
384.39,8.81814
384.387,8.81735
384.383,8.81656
384.38,8.81577
384.376,8.81499
384.372,8.8142
384.369,8.81341
384.365,8.81262
384.362,8.81184
384.358,8.81105
384.355,8.81026
384.351,8.80947
384.347,8.80869
384.344,8.8079
384.34,8.80711
384.337,8.80632
384.333,8.80553
384.33,8.80475
384.326,8.80396
384.322,8.80317
384.319,8.80238
384.315,8.8016
384.312,8.80081
384.308,8.80002
384.305,8.79923
384.301,8.79845
384.297,8.79766
384.294,8.79687
384.29,8.79608
384.287,8.7953
384.283,8.79451
384.28,8.79372
384.276,8.79293
384.272,8.79215
384.269,8.79136
384.265,8.79057
384.262,8.78978
384.258,8.78899
384.255,8.78821
384.251,8.78742
384.247,8.78663
384.244,8.78584
384.24,8.78506
384.237,8.78427
384.233,8.78348
384.229,8.78269
384.226,8.78191
384.222,8.78112
384.219,8.78033
384.215,8.77954
384.212,8.77876
384.208,8.77797
384.204,8.77718
384.201,8.77639
384.197,8.77561
384.194,8.77482
384.19,8.77403
384.187,8.77324
384.183,8.77245
384.179,8.77167
384.176,8.77088
384.172,8.77009
384.169,8.7693
384.165,8.76852
384.161,8.76773
384.158,8.76694
384.154,8.76615
384.151,8.76537
384.147,8.76458
384.144,8.76379
384.14,8.763
384.136,8.76222
384.133,8.76143
384.129,8.76064
384.126,8.75985
384.122,8.75907
384.118,8.75828
384.115,8.75749
384.111,8.7567
384.108,8.75591
384.104,8.75513
384.1,8.75434
384.097,8.75355
384.093,8.75276
384.09,8.75198
384.086,8.75119
384.083,8.7504
384.079,8.74961
384.075,8.74883
384.072,8.74804
384.068,8.74725
384.065,8.74646
384.061,8.74568
384.057,8.74489
384.054,8.7441
384.05,8.74331
384.047,8.74253
384.043,8.74174
384.039,8.74095
384.036,8.74016
384.032,8.73937
384.029,8.73859
384.025,8.7378
384.022,8.73701
384.018,8.73622
384.014,8.73544
384.011,8.73465
384.007,8.73386
384.004,8.73307
384,8.73229
383.996,8.7315
383.993,8.73071
383.989,8.72992
383.986,8.72914
383.982,8.72835
383.978,8.72756
383.975,8.72677
383.971,8.72599
383.968,8.7252
383.964,8.72441
383.96,8.72362
383.957,8.72284
383.953,8.72205
383.95,8.72126
383.946,8.72047
383.942,8.71968
383.939,8.7189
383.935,8.71811
383.932,8.71732
383.928,8.71653
383.924,8.71575
383.921,8.71496
383.917,8.71417
383.914,8.71338
383.91,8.7126
383.906,8.71181
383.903,8.71102
383.899,8.71023
383.896,8.70945
383.892,8.70866
383.888,8.70787
383.885,8.70708
383.881,8.7063
383.878,8.70551
383.874,8.70472
383.87,8.70393
383.867,8.70314
383.863,8.70236
383.86,8.70157
383.856,8.70078
383.852,8.69999
383.849,8.69921
383.845,8.69842
383.842,8.69763
383.838,8.69684
383.834,8.69606
383.831,8.69527
383.827,8.69448
383.823,8.69369
383.82,8.69291
383.816,8.69212
383.813,8.69133
383.809,8.69054
383.805,8.68976
383.802,8.68897
383.798,8.68818
383.795,8.68739
383.791,8.6866
383.787,8.68582
383.784,8.68503
383.78,8.68424
383.777,8.68345
383.773,8.68267
383.769,8.68188
383.766,8.68109
383.762,8.6803
383.759,8.67952
383.755,8.67873
383.751,8.67794
383.748,8.67715
383.744,8.67637
383.74,8.67558
383.737,8.67479
383.733,8.674
383.73,8.67322
383.726,8.67243
383.722,8.67164
383.719,8.67085
383.715,8.67006
383.712,8.66928
383.708,8.66849
383.704,8.6677
383.701,8.66691
383.697,8.66613
383.693,8.66534
383.69,8.66455
383.686,8.66376
383.683,8.66298
383.679,8.66219
383.675,8.6614
383.672,8.66061
383.668,8.65983
383.665,8.65904
383.661,8.65825
383.657,8.65746
383.654,8.65668
383.65,8.65589
383.646,8.6551
383.643,8.65431
383.639,8.65352
383.636,8.65274
383.632,8.65195
383.628,8.65116
383.625,8.65037
383.621,8.64959
383.617,8.6488
383.614,8.64801
383.61,8.64722
383.607,8.64644
383.603,8.64565
383.599,8.64486
383.596,8.64407
383.592,8.64329
383.588,8.6425
383.585,8.64171
383.581,8.64092
383.578,8.64014
383.574,8.63935
383.57,8.63856
383.567,8.63777
383.563,8.63698
383.559,8.6362
383.556,8.63541
383.552,8.63462
383.549,8.63383
383.545,8.63305
383.541,8.63226
383.538,8.63147
383.534,8.63068
383.53,8.6299
383.527,8.62911
383.523,8.62832
383.52,8.62753
383.516,8.62675
383.512,8.62596
383.509,8.62517
383.505,8.62438
383.501,8.6236
383.498,8.62281
383.494,8.62202
383.49,8.62123
383.487,8.62045
383.483,8.61966
383.48,8.61887
383.476,8.61808
383.472,8.61729
383.469,8.61651
383.465,8.61572
383.461,8.61493
383.458,8.61414
383.454,8.61336
383.451,8.61257
383.447,8.61178
383.443,8.61099
383.44,8.61021
383.436,8.60942
383.432,8.60863
383.429,8.60784
383.425,8.60706
383.421,8.60627
383.418,8.60548
383.414,8.60469
383.411,8.60391
383.407,8.60312
383.403,8.60233
383.4,8.60154
383.396,8.60075
383.392,8.59997
383.389,8.59918
383.385,8.59839
383.381,8.5976
383.378,8.59682
383.374,8.59603
383.371,8.59524
383.367,8.59445
383.363,8.59367
383.36,8.59288
383.356,8.59209
383.352,8.5913
383.349,8.59052
383.345,8.58973
383.341,8.58894
383.338,8.58815
383.334,8.58737
383.33,8.58658
383.327,8.58579
383.323,8.585
383.32,8.58421
383.316,8.58343
383.312,8.58264
383.309,8.58185
383.305,8.58106
383.301,8.58028
383.298,8.57949
383.294,8.5787
383.29,8.57791
383.287,8.57713
383.283,8.57634
383.279,8.57555
383.276,8.57476
383.272,8.57398
383.268,8.57319
383.265,8.5724
383.261,8.57161
383.258,8.57083
383.254,8.57004
383.25,8.56925
383.247,8.56846
383.243,8.56767
383.239,8.56689
383.236,8.5661
383.232,8.56531
383.228,8.56452
383.225,8.56374
383.221,8.56295
383.217,8.56216
383.214,8.56137
383.21,8.56059
383.206,8.5598
383.203,8.55901
383.199,8.55822
383.195,8.55744
383.192,8.55665
383.188,8.55586
383.185,8.55507
383.181,8.55429
383.177,8.5535
383.174,8.55271
383.17,8.55192
383.166,8.55113
383.163,8.55035
383.159,8.54956
383.155,8.54877
383.152,8.54798
383.148,8.5472
383.144,8.54641
383.141,8.54562
383.137,8.54483
383.133,8.54405
383.13,8.54326
383.126,8.54247
383.122,8.54168
383.119,8.5409
383.115,8.54011
383.111,8.53932
383.108,8.53853
383.104,8.53775
383.1,8.53696
383.097,8.53617
383.093,8.53538
383.089,8.5346
383.086,8.53381
383.082,8.53302
383.078,8.53223
383.075,8.53144
383.071,8.53066
383.067,8.52987
383.064,8.52908
383.06,8.52829
383.056,8.52751
383.053,8.52672
383.049,8.52593
383.045,8.52514
383.042,8.52436
383.038,8.52357
383.034,8.52278
383.031,8.52199
383.027,8.52121
383.024,8.52042
383.02,8.51963
383.016,8.51884
383.013,8.51806
383.009,8.51727
383.005,8.51648
383.002,8.51569
382.998,8.5149
382.994,8.51412
382.991,8.51333
382.987,8.51254
382.983,8.51175
382.979,8.51097
382.976,8.51018
382.972,8.50939
382.968,8.5086
382.965,8.50782
382.961,8.50703
382.957,8.50624
382.954,8.50545
382.95,8.50467
382.946,8.50388
382.943,8.50309
382.939,8.5023
382.935,8.50152
382.932,8.50073
382.928,8.49994
382.924,8.49915
382.921,8.49836
382.917,8.49758
382.913,8.49679
382.91,8.496
382.906,8.49521
382.902,8.49443
382.899,8.49364
382.895,8.49285
382.891,8.49206
382.888,8.49128
382.884,8.49049
382.88,8.4897
382.877,8.48891
382.873,8.48813
382.869,8.48734
382.866,8.48655
382.862,8.48576
382.858,8.48498
382.855,8.48419
382.851,8.4834
382.847,8.48261
382.844,8.48182
382.84,8.48104
382.836,8.48025
382.833,8.47946
382.829,8.47867
382.825,8.47789
382.821,8.4771
382.818,8.47631
382.814,8.47552
382.81,8.47474
382.807,8.47395
382.803,8.47316
382.799,8.47237
382.796,8.47159
382.792,8.4708
382.788,8.47001
382.785,8.46922
382.781,8.46844
382.777,8.46765
382.774,8.46686
382.77,8.46607
382.766,8.46528
382.763,8.4645
382.759,8.46371
382.755,8.46292
382.752,8.46213
382.748,8.46135
382.744,8.46056
382.74,8.45977
382.737,8.45898
382.733,8.4582
382.729,8.45741
382.726,8.45662
382.722,8.45583
382.718,8.45505
382.715,8.45426
382.711,8.45347
382.707,8.45268
382.704,8.4519
382.7,8.45111
382.696,8.45032
382.693,8.44953
382.689,8.44875
382.685,8.44796
382.681,8.44717
382.678,8.44638
382.674,8.44559
382.67,8.44481
382.667,8.44402
382.663,8.44323
382.659,8.44244
382.656,8.44166
382.652,8.44087
382.648,8.44008
382.645,8.43929
382.641,8.43851
382.637,8.43772
382.633,8.43693
382.63,8.43614
382.626,8.43536
382.622,8.43457
382.619,8.43378
382.615,8.43299
382.611,8.43221
382.608,8.43142
382.604,8.43063
382.6,8.42984
382.596,8.42905
382.593,8.42827
382.589,8.42748
382.585,8.42669
382.582,8.4259
382.578,8.42512
382.574,8.42433
382.571,8.42354
382.567,8.42275
382.563,8.42197
382.56,8.42118
382.556,8.42039
382.552,8.4196
382.548,8.41882
382.545,8.41803
382.541,8.41724
382.537,8.41645
382.534,8.41567
382.53,8.41488
382.526,8.41409
382.522,8.4133
382.519,8.41251
382.515,8.41173
382.511,8.41094
382.508,8.41015
382.504,8.40936
382.5,8.40858
382.497,8.40779
382.493,8.407
382.489,8.40621
382.485,8.40543
382.482,8.40464
382.478,8.40385
382.474,8.40306
382.471,8.40228
382.467,8.40149
382.463,8.4007
382.46,8.39991
382.456,8.39913
382.452,8.39834
382.448,8.39755
382.445,8.39676
382.441,8.39597
382.437,8.39519
382.434,8.3944
382.43,8.39361
382.426,8.39282
382.422,8.39204
382.419,8.39125
382.415,8.39046
382.411,8.38967
382.408,8.38889
382.404,8.3881
382.4,8.38731
382.396,8.38652
382.393,8.38574
382.389,8.38495
382.385,8.38416
382.382,8.38337
382.378,8.38259
382.374,8.3818
382.37,8.38101
382.367,8.38022
382.363,8.37943
382.359,8.37865
382.356,8.37786
382.352,8.37707
382.348,8.37628
382.344,8.3755
382.341,8.37471
382.337,8.37392
382.333,8.37313
382.33,8.37235
382.326,8.37156
382.322,8.37077
382.318,8.36998
382.315,8.3692
382.311,8.36841
382.307,8.36762
382.304,8.36683
382.3,8.36605
382.296,8.36526
382.292,8.36447
382.289,8.36368
382.285,8.36289
382.281,8.36211
382.278,8.36132
382.274,8.36053
382.27,8.35974
382.266,8.35896
382.263,8.35817
382.259,8.35738
382.255,8.35659
382.251,8.35581
382.248,8.35502
382.244,8.35423
382.24,8.35344
382.237,8.35266
382.233,8.35187
382.229,8.35108
382.225,8.35029
382.222,8.34951
382.218,8.34872
382.214,8.34793
382.211,8.34714
382.207,8.34636
382.203,8.34557
382.199,8.34478
382.196,8.34399
382.192,8.3432
382.188,8.34242
382.184,8.34163
382.181,8.34084
382.177,8.34005
382.173,8.33927
382.17,8.33848
382.166,8.33769
382.162,8.3369
382.158,8.33612
382.155,8.33533
382.151,8.33454
382.147,8.33375
382.143,8.33297
382.14,8.33218
382.136,8.33139
382.132,8.3306
382.128,8.32982
382.125,8.32903
382.121,8.32824
382.117,8.32745
382.114,8.32666
382.11,8.32588
382.106,8.32509
382.102,8.3243
382.099,8.32351
382.095,8.32273
382.091,8.32194
382.087,8.32115
382.084,8.32036
382.08,8.31958
382.076,8.31879
382.072,8.318
382.069,8.31721
382.065,8.31643
382.061,8.31564
382.058,8.31485
382.054,8.31406
382.05,8.31328
382.046,8.31249
382.043,8.3117
382.039,8.31091
382.035,8.31012
382.031,8.30934
382.028,8.30855
382.024,8.30776
382.02,8.30697
382.016,8.30619
382.013,8.3054
382.009,8.30461
382.005,8.30382
382.001,8.30304
381.998,8.30225
381.994,8.30146
381.99,8.30067
381.986,8.29989
381.983,8.2991
381.979,8.29831
381.975,8.29752
381.971,8.29674
381.968,8.29595
381.964,8.29516
381.96,8.29437
381.957,8.29358
381.953,8.2928
381.949,8.29201
381.945,8.29122
381.942,8.29043
381.938,8.28965
381.934,8.28886
381.93,8.28807
381.927,8.28728
381.923,8.2865
381.919,8.28571
381.915,8.28492
381.912,8.28413
381.908,8.28335
381.904,8.28256
381.9,8.28177
381.897,8.28098
381.893,8.2802
381.889,8.27941
381.885,8.27862
381.882,8.27783
381.878,8.27704
381.874,8.27626
381.87,8.27547
381.867,8.27468
381.863,8.27389
381.859,8.27311
381.855,8.27232
381.852,8.27153
381.848,8.27074
381.844,8.26996
381.84,8.26917
381.837,8.26838
381.833,8.26759
381.829,8.26681
381.825,8.26602
381.822,8.26523
381.818,8.26444
381.814,8.26366
381.81,8.26287
381.806,8.26208
381.803,8.26129
381.799,8.26051
381.795,8.25972
381.791,8.25893
381.788,8.25814
381.784,8.25735
381.78,8.25657
381.776,8.25578
381.773,8.25499
381.769,8.2542
381.765,8.25342
381.761,8.25263
381.758,8.25184
381.754,8.25105
381.75,8.25027
381.746,8.24948
381.743,8.24869
381.739,8.2479
381.735,8.24712
381.731,8.24633
381.728,8.24554
381.724,8.24475
381.72,8.24397
381.716,8.24318
381.713,8.24239
381.709,8.2416
381.705,8.24081
381.701,8.24003
381.697,8.23924
381.694,8.23845
381.69,8.23766
381.686,8.23688
381.682,8.23609
381.679,8.2353
381.675,8.23451
381.671,8.23373
381.667,8.23294
381.664,8.23215
381.66,8.23136
381.656,8.23058
381.652,8.22979
381.648,8.229
381.645,8.22821
381.641,8.22743
381.637,8.22664
381.633,8.22585
381.63,8.22506
381.626,8.22427
381.622,8.22349
381.618,8.2227
381.615,8.22191
381.611,8.22112
381.607,8.22034
381.603,8.21955
381.599,8.21876
381.596,8.21797
381.592,8.21719
381.588,8.2164
381.584,8.21561
381.581,8.21482
381.577,8.21404
381.573,8.21325
381.569,8.21246
381.566,8.21167
381.562,8.21089
381.558,8.2101
381.554,8.20931
381.55,8.20852
381.547,8.20773
381.543,8.20695
381.539,8.20616
381.535,8.20537
381.532,8.20458
381.528,8.2038
381.524,8.20301
381.52,8.20222
381.516,8.20143
381.513,8.20065
381.509,8.19986
381.505,8.19907
381.501,8.19828
381.498,8.1975
381.494,8.19671
381.49,8.19592
381.486,8.19513
381.482,8.19435
381.479,8.19356
381.475,8.19277
381.471,8.19198
381.467,8.19119
381.464,8.19041
381.46,8.18962
381.456,8.18883
381.452,8.18804
381.448,8.18726
381.445,8.18647
381.441,8.18568
381.437,8.18489
381.433,8.18411
381.429,8.18332
381.426,8.18253
381.422,8.18174
381.418,8.18096
381.414,8.18017
381.411,8.17938
381.407,8.17859
381.403,8.17781
381.399,8.17702
381.395,8.17623
381.392,8.17544
381.388,8.17466
381.384,8.17387
381.38,8.17308
381.376,8.17229
381.373,8.1715
381.369,8.17072
381.365,8.16993
381.361,8.16914
381.357,8.16835
381.354,8.16757
381.35,8.16678
381.346,8.16599
381.342,8.1652
381.339,8.16442
381.335,8.16363
381.331,8.16284
381.327,8.16205
381.323,8.16127
381.32,8.16048
381.316,8.15969
381.312,8.1589
381.308,8.15812
381.304,8.15733
381.301,8.15654
381.297,8.15575
381.293,8.15496
381.289,8.15418
381.285,8.15339
381.282,8.1526
381.278,8.15181
381.274,8.15103
381.27,8.15024
381.266,8.14945
381.263,8.14866
381.259,8.14788
381.255,8.14709
381.251,8.1463
381.247,8.14551
381.244,8.14473
381.24,8.14394
381.236,8.14315
381.232,8.14236
381.228,8.14158
381.225,8.14079
381.221,8.14
381.217,8.13921
381.213,8.13842
381.209,8.13764
381.206,8.13685
381.202,8.13606
381.198,8.13527
381.194,8.13449
381.19,8.1337
381.187,8.13291
381.183,8.13212
381.179,8.13134
381.175,8.13055
381.171,8.12976
381.168,8.12897
381.164,8.12819
381.16,8.1274
381.156,8.12661
381.152,8.12582
381.149,8.12504
381.145,8.12425
381.141,8.12346
381.137,8.12267
381.133,8.12188
381.13,8.1211
381.126,8.12031
381.122,8.11952
381.118,8.11873
381.114,8.11795
381.111,8.11716
381.107,8.11637
381.103,8.11558
381.099,8.1148
381.095,8.11401
381.091,8.11322
381.088,8.11243
381.084,8.11165
381.08,8.11086
381.076,8.11007
381.072,8.10928
381.069,8.1085
381.065,8.10771
381.061,8.10692
381.057,8.10613
381.053,8.10534
381.05,8.10456
381.046,8.10377
381.042,8.10298
381.038,8.10219
381.034,8.10141
381.03,8.10062
381.027,8.09983
381.023,8.09904
381.019,8.09826
381.015,8.09747
381.011,8.09668
381.008,8.09589
381.004,8.09511
381,8.09432
380.996,8.09353
380.992,8.09274
380.988,8.09196
380.985,8.09117
380.981,8.09038
380.977,8.08959
380.973,8.08881
380.969,8.08802
380.966,8.08723
380.962,8.08644
380.958,8.08565
380.954,8.08487
380.95,8.08408
380.946,8.08329
380.943,8.0825
380.939,8.08172
380.935,8.08093
380.931,8.08014
380.927,8.07935
380.923,8.07857
380.92,8.07778
380.916,8.07699
380.912,8.0762
380.908,8.07542
380.904,8.07463
380.901,8.07384
380.897,8.07305
380.893,8.07227
380.889,8.07148
380.885,8.07069
380.881,8.0699
380.878,8.06911
380.874,8.06833
380.87,8.06754
380.866,8.06675
380.862,8.06596
380.858,8.06518
380.855,8.06439
380.851,8.0636
380.847,8.06281
380.843,8.06203
380.839,8.06124
380.835,8.06045
380.832,8.05966
380.828,8.05888
380.824,8.05809
380.82,8.0573
380.816,8.05651
380.812,8.05573
380.809,8.05494
380.805,8.05415
380.801,8.05336
380.797,8.05257
380.793,8.05179
380.789,8.051
380.786,8.05021
380.782,8.04942
380.778,8.04864
380.774,8.04785
380.77,8.04706
380.766,8.04627
380.763,8.04549
380.759,8.0447
380.755,8.04391
380.751,8.04312
380.747,8.04234
380.743,8.04155
380.74,8.04076
380.736,8.03997
380.732,8.03919
380.728,8.0384
380.724,8.03761
380.72,8.03682
380.717,8.03603
380.713,8.03525
380.709,8.03446
380.705,8.03367
380.701,8.03288
380.697,8.0321
380.694,8.03131
380.69,8.03052
380.686,8.02973
380.682,8.02895
380.678,8.02816
380.674,8.02737
380.67,8.02658
380.667,8.0258
380.663,8.02501
380.659,8.02422
380.655,8.02343
380.651,8.02265
380.647,8.02186
380.644,8.02107
380.64,8.02028
380.636,8.01949
380.632,8.01871
380.628,8.01792
380.624,8.01713
380.62,8.01634
380.617,8.01556
380.613,8.01477
380.609,8.01398
380.605,8.01319
380.601,8.01241
380.597,8.01162
380.594,8.01083
380.59,8.01004
380.586,8.00926
380.582,8.00847
380.578,8.00768
380.574,8.00689
380.57,8.00611
380.567,8.00532
380.563,8.00453
380.559,8.00374
380.555,8.00295
380.551,8.00217
380.547,8.00138
380.543,8.00059
380.54,7.9998
380.536,7.99902
380.532,7.99823
380.528,7.99744
380.524,7.99665
380.52,7.99587
380.516,7.99508
380.513,7.99429
380.509,7.9935
380.505,7.99272
380.501,7.99193
380.497,7.99114
380.493,7.99035
380.49,7.98957
380.486,7.98878
380.482,7.98799
380.478,7.9872
380.474,7.98642
380.47,7.98563
380.466,7.98484
380.462,7.98405
380.459,7.98326
380.455,7.98248
380.451,7.98169
380.447,7.9809
380.443,7.98011
380.439,7.97933
380.435,7.97854
380.432,7.97775
380.428,7.97696
380.424,7.97618
380.42,7.97539
380.416,7.9746
380.412,7.97381
380.408,7.97303
380.405,7.97224
380.401,7.97145
380.397,7.97066
380.393,7.96988
380.389,7.96909
380.385,7.9683
380.381,7.96751
380.378,7.96672
380.374,7.96594
380.37,7.96515
380.366,7.96436
380.362,7.96357
380.358,7.96279
380.354,7.962
380.35,7.96121
380.347,7.96042
380.343,7.95964
380.339,7.95885
380.335,7.95806
380.331,7.95727
380.327,7.95649
380.323,7.9557
380.319,7.95491
380.316,7.95412
380.312,7.95334
380.308,7.95255
380.304,7.95176
380.3,7.95097
380.296,7.95018
380.292,7.9494
380.289,7.94861
380.285,7.94782
380.281,7.94703
380.277,7.94625
380.273,7.94546
380.269,7.94467
380.265,7.94388
380.261,7.9431
380.258,7.94231
380.254,7.94152
380.25,7.94073
380.246,7.93995
380.242,7.93916
380.238,7.93837
380.234,7.93758
380.23,7.9368
380.226,7.93601
380.223,7.93522
380.219,7.93443
380.215,7.93364
380.211,7.93286
380.207,7.93207
380.203,7.93128
380.199,7.93049
380.195,7.92971
380.192,7.92892
380.188,7.92813
380.184,7.92734
380.18,7.92656
380.176,7.92577
380.172,7.92498
380.168,7.92419
380.164,7.92341
380.161,7.92262
380.157,7.92183
380.153,7.92104
380.149,7.92026
380.145,7.91947
380.141,7.91868
380.137,7.91789
380.133,7.9171
380.129,7.91632
380.126,7.91553
380.122,7.91474
380.118,7.91395
380.114,7.91317
380.11,7.91238
380.106,7.91159
380.102,7.9108
380.098,7.91002
380.094,7.90923
380.091,7.90844
380.087,7.90765
380.083,7.90687
380.079,7.90608
380.075,7.90529
380.071,7.9045
380.067,7.90372
380.063,7.90293
380.059,7.90214
380.056,7.90135
380.052,7.90057
380.048,7.89978
380.044,7.89899
380.04,7.8982
380.036,7.89741
380.032,7.89663
380.028,7.89584
380.024,7.89505
380.021,7.89426
380.017,7.89348
380.013,7.89269
380.009,7.8919
380.005,7.89111
380.001,7.89033
379.997,7.88954
379.993,7.88875
379.989,7.88796
379.985,7.88718
379.982,7.88639
379.978,7.8856
379.974,7.88481
379.97,7.88403
379.966,7.88324
379.962,7.88245
379.958,7.88166
379.954,7.88087
379.95,7.88009
379.946,7.8793
379.943,7.87851
379.939,7.87772
379.935,7.87694
379.931,7.87615
379.927,7.87536
379.923,7.87457
379.919,7.87379
379.915,7.873
379.911,7.87221
379.907,7.87142
379.904,7.87064
379.9,7.86985
379.896,7.86906
379.892,7.86827
379.888,7.86749
379.884,7.8667
379.88,7.86591
379.876,7.86512
379.872,7.86433
379.868,7.86355
379.864,7.86276
379.861,7.86197
379.857,7.86118
379.853,7.8604
379.849,7.85961
379.845,7.85882
379.841,7.85803
379.837,7.85725
379.833,7.85646
379.829,7.85567
379.825,7.85488
379.821,7.8541
379.818,7.85331
379.814,7.85252
379.81,7.85173
379.806,7.85095
379.802,7.85016
379.798,7.84937
379.794,7.84858
379.79,7.84779
379.786,7.84701
379.782,7.84622
379.778,7.84543
379.775,7.84464
379.771,7.84386
379.767,7.84307
379.763,7.84228
379.759,7.84149
379.755,7.84071
379.751,7.83992
379.747,7.83913
379.743,7.83834
379.739,7.83756
379.735,7.83677
379.731,7.83598
379.728,7.83519
379.724,7.83441
379.72,7.83362
379.716,7.83283
379.712,7.83204
379.708,7.83125
379.704,7.83047
379.7,7.82968
379.696,7.82889
379.692,7.8281
379.688,7.82732
379.684,7.82653
379.681,7.82574
379.677,7.82495
379.673,7.82417
379.669,7.82338
379.665,7.82259
379.661,7.8218
379.657,7.82102
379.653,7.82023
379.649,7.81944
379.645,7.81865
379.641,7.81787
379.637,7.81708
379.633,7.81629
379.63,7.8155
379.626,7.81472
379.622,7.81393
379.618,7.81314
379.614,7.81235
379.61,7.81156
379.606,7.81078
379.602,7.80999
379.598,7.8092
379.594,7.80841
379.59,7.80763
379.586,7.80684
379.582,7.80605
379.578,7.80526
379.575,7.80448
379.571,7.80369
379.567,7.8029
379.563,7.80211
379.559,7.80133
379.555,7.80054
379.551,7.79975
379.547,7.79896
379.543,7.79818
379.539,7.79739
379.535,7.7966
379.531,7.79581
379.527,7.79502
379.523,7.79424
379.519,7.79345
379.516,7.79266
379.512,7.79187
379.508,7.79109
379.504,7.7903
379.5,7.78951
379.496,7.78872
379.492,7.78794
379.488,7.78715
379.484,7.78636
379.48,7.78557
379.476,7.78479
379.472,7.784
379.468,7.78321
379.464,7.78242
379.46,7.78164
379.456,7.78085
379.453,7.78006
379.449,7.77927
379.445,7.77848
379.441,7.7777
379.437,7.77691
379.433,7.77612
379.429,7.77533
379.425,7.77455
379.421,7.77376
379.417,7.77297
379.413,7.77218
379.409,7.7714
379.405,7.77061
379.401,7.76982
379.397,7.76903
379.393,7.76825
379.389,7.76746
379.386,7.76667
379.382,7.76588
379.378,7.7651
379.374,7.76431
379.37,7.76352
379.366,7.76273
379.362,7.76194
379.358,7.76116
379.354,7.76037
379.35,7.75958
379.346,7.75879
379.342,7.75801
379.338,7.75722
379.334,7.75643
379.33,7.75564
379.326,7.75486
379.322,7.75407
379.318,7.75328
379.314,7.75249
379.31,7.75171
379.307,7.75092
379.303,7.75013
379.299,7.74934
379.295,7.74856
379.291,7.74777
379.287,7.74698
379.283,7.74619
379.279,7.7454
379.275,7.74462
379.271,7.74383
379.267,7.74304
379.263,7.74225
379.259,7.74147
379.255,7.74068
379.251,7.73989
379.247,7.7391
379.243,7.73832
379.239,7.73753
379.235,7.73674
379.231,7.73595
379.227,7.73517
379.223,7.73438
379.22,7.73359
379.216,7.7328
379.212,7.73202
379.208,7.73123
379.204,7.73044
379.2,7.72965
379.196,7.72887
379.192,7.72808
379.188,7.72729
379.184,7.7265
379.18,7.72571
379.176,7.72493
379.172,7.72414
379.168,7.72335
379.164,7.72256
379.16,7.72178
379.156,7.72099
379.152,7.7202
379.148,7.71941
379.144,7.71863
379.14,7.71784
379.136,7.71705
379.132,7.71626
379.128,7.71548
379.124,7.71469
379.12,7.7139
379.116,7.71311
379.113,7.71233
379.109,7.71154
379.105,7.71075
379.101,7.70996
379.097,7.70917
379.093,7.70839
379.089,7.7076
379.085,7.70681
379.081,7.70602
379.077,7.70524
379.073,7.70445
379.069,7.70366
379.065,7.70287
379.061,7.70209
379.057,7.7013
379.053,7.70051
379.049,7.69972
379.045,7.69894
379.041,7.69815
379.037,7.69736
379.033,7.69657
379.029,7.69579
379.025,7.695
379.021,7.69421
379.017,7.69342
379.013,7.69263
379.009,7.69185
379.005,7.69106
379.001,7.69027
378.997,7.68948
378.993,7.6887
378.989,7.68791
378.985,7.68712
378.981,7.68633
378.977,7.68555
378.973,7.68476
378.969,7.68397
378.966,7.68318
378.962,7.6824
378.958,7.68161
378.954,7.68082
378.95,7.68003
378.946,7.67925
378.942,7.67846
378.938,7.67767
378.934,7.67688
378.93,7.67609
378.926,7.67531
378.922,7.67452
378.918,7.67373
378.914,7.67294
378.91,7.67216
378.906,7.67137
378.902,7.67058
378.898,7.66979
378.894,7.66901
378.89,7.66822
378.886,7.66743
378.882,7.66664
378.878,7.66586
378.874,7.66507
378.87,7.66428
378.866,7.66349
378.862,7.66271
378.858,7.66192
378.854,7.66113
378.85,7.66034
378.846,7.65955
378.842,7.65877
378.838,7.65798
378.834,7.65719
378.83,7.6564
378.826,7.65562
378.822,7.65483
378.818,7.65404
378.814,7.65325
378.81,7.65247
378.806,7.65168
378.802,7.65089
378.798,7.6501
378.794,7.64932
378.79,7.64853
378.786,7.64774
378.782,7.64695
378.778,7.64617
378.774,7.64538
378.77,7.64459
378.766,7.6438
378.762,7.64301
378.758,7.64223
378.754,7.64144
378.75,7.64065
378.746,7.63986
378.742,7.63908
378.738,7.63829
378.734,7.6375
378.73,7.63671
378.726,7.63593
378.722,7.63514
378.718,7.63435
378.714,7.63356
378.71,7.63278
378.706,7.63199
378.702,7.6312
378.698,7.63041
378.694,7.62963
378.69,7.62884
378.686,7.62805
378.682,7.62726
378.678,7.62648
378.674,7.62569
378.67,7.6249
378.666,7.62411
378.662,7.62332
378.658,7.62254
378.654,7.62175
378.65,7.62096
378.646,7.62017
378.642,7.61939
378.638,7.6186
378.634,7.61781
378.63,7.61702
378.626,7.61624
378.622,7.61545
378.618,7.61466
378.614,7.61387
378.61,7.61309
378.606,7.6123
378.602,7.61151
378.598,7.61072
378.594,7.60994
378.59,7.60915
378.586,7.60836
378.582,7.60757
378.578,7.60678
378.574,7.606
378.57,7.60521
378.566,7.60442
378.562,7.60363
378.558,7.60285
378.554,7.60206
378.55,7.60127
378.546,7.60048
378.542,7.5997
378.538,7.59891
378.534,7.59812
378.53,7.59733
378.526,7.59655
378.522,7.59576
378.518,7.59497
378.514,7.59418
378.51,7.5934
378.506,7.59261
378.502,7.59182
378.498,7.59103
378.494,7.59024
378.49,7.58946
378.486,7.58867
378.482,7.58788
378.478,7.58709
378.474,7.58631
378.47,7.58552
378.466,7.58473
378.462,7.58394
378.457,7.58316
378.453,7.58237
378.449,7.58158
378.445,7.58079
378.441,7.58001
378.437,7.57922
378.433,7.57843
378.429,7.57764
378.425,7.57686
378.421,7.57607
378.417,7.57528
378.413,7.57449
378.409,7.5737
378.405,7.57292
378.401,7.57213
378.397,7.57134
378.393,7.57055
378.389,7.56977
378.385,7.56898
378.381,7.56819
378.377,7.5674
378.373,7.56662
378.369,7.56583
378.365,7.56504
378.361,7.56425
378.357,7.56347
378.353,7.56268
378.349,7.56189
378.345,7.5611
378.341,7.56032
378.337,7.55953
378.333,7.55874
378.329,7.55795
378.325,7.55716
378.321,7.55638
378.317,7.55559
378.313,7.5548
378.308,7.55401
378.304,7.55323
378.3,7.55244
378.296,7.55165
378.292,7.55086
378.288,7.55008
378.284,7.54929
378.28,7.5485
378.276,7.54771
378.272,7.54693
378.268,7.54614
378.264,7.54535
378.26,7.54456
378.256,7.54378
378.252,7.54299
378.248,7.5422
378.244,7.54141
378.24,7.54063
378.236,7.53984
378.232,7.53905
378.228,7.53826
378.224,7.53747
378.22,7.53669
378.216,7.5359
378.212,7.53511
378.208,7.53432
378.203,7.53354
378.199,7.53275
378.195,7.53196
378.191,7.53117
378.187,7.53039
378.183,7.5296
378.179,7.52881
378.175,7.52802
378.171,7.52724
378.167,7.52645
378.163,7.52566
378.159,7.52487
378.155,7.52409
378.151,7.5233
378.147,7.52251
378.143,7.52172
378.139,7.52093
378.135,7.52015
378.131,7.51936
378.127,7.51857
378.123,7.51778
378.119,7.517
378.114,7.51621
378.11,7.51542
378.106,7.51463
378.102,7.51385
378.098,7.51306
378.094,7.51227
378.09,7.51148
378.086,7.5107
378.082,7.50991
378.078,7.50912
378.074,7.50833
378.07,7.50755
378.066,7.50676
378.062,7.50597
378.058,7.50518
378.054,7.50439
378.05,7.50361
378.046,7.50282
378.042,7.50203
378.037,7.50124
378.033,7.50046
378.029,7.49967
378.025,7.49888
378.021,7.49809
378.017,7.49731
378.013,7.49652
378.009,7.49573
378.005,7.49494
378.001,7.49416
377.997,7.49337
377.993,7.49258
377.989,7.49179
377.985,7.49101
377.981,7.49022
377.977,7.48943
377.973,7.48864
377.968,7.48785
377.964,7.48707
377.96,7.48628
377.956,7.48549
377.952,7.4847
377.948,7.48392
377.944,7.48313
377.94,7.48234
377.936,7.48155
377.932,7.48077
377.928,7.47998
377.924,7.47919
377.92,7.4784
377.916,7.47762
377.912,7.47683
377.908,7.47604
377.903,7.47525
377.899,7.47447
377.895,7.47368
377.891,7.47289
377.887,7.4721
377.883,7.47131
377.879,7.47053
377.875,7.46974
377.871,7.46895
377.867,7.46816
377.863,7.46738
377.859,7.46659
377.855,7.4658
377.851,7.46501
377.846,7.46423
377.842,7.46344
377.838,7.46265
377.834,7.46186
377.83,7.46108
377.826,7.46029
377.822,7.4595
377.818,7.45871
377.814,7.45793
377.81,7.45714
377.806,7.45635
377.802,7.45556
377.798,7.45478
377.794,7.45399
377.789,7.4532
377.785,7.45241
377.781,7.45162
377.777,7.45084
377.773,7.45005
377.769,7.44926
377.765,7.44847
377.761,7.44769
377.757,7.4469
377.753,7.44611
377.749,7.44532
377.745,7.44454
377.74,7.44375
377.736,7.44296
377.732,7.44217
377.728,7.44139
377.724,7.4406
377.72,7.43981
377.716,7.43902
377.712,7.43824
377.708,7.43745
377.704,7.43666
377.7,7.43587
377.696,7.43508
377.691,7.4343
377.687,7.43351
377.683,7.43272
377.679,7.43193
377.675,7.43115
377.671,7.43036
377.667,7.42957
377.663,7.42878
377.659,7.428
377.655,7.42721
377.651,7.42642
377.647,7.42563
377.642,7.42485
377.638,7.42406
377.634,7.42327
377.63,7.42248
377.626,7.4217
377.622,7.42091
377.618,7.42012
377.614,7.41933
377.61,7.41854
377.606,7.41776
377.602,7.41697
377.597,7.41618
377.593,7.41539
377.589,7.41461
377.585,7.41382
377.581,7.41303
377.577,7.41224
377.573,7.41146
377.569,7.41067
377.565,7.40988
377.561,7.40909
377.557,7.40831
377.552,7.40752
377.548,7.40673
377.544,7.40594
377.54,7.40516
377.536,7.40437
377.532,7.40358
377.528,7.40279
377.524,7.402
377.52,7.40122
377.516,7.40043
377.511,7.39964
377.507,7.39885
377.503,7.39807
377.499,7.39728
377.495,7.39649
377.491,7.3957
377.487,7.39492
377.483,7.39413
377.479,7.39334
377.475,7.39255
377.47,7.39177
377.466,7.39098
377.462,7.39019
377.458,7.3894
377.454,7.38862
377.45,7.38783
377.446,7.38704
377.442,7.38625
377.438,7.38546
377.433,7.38468
377.429,7.38389
377.425,7.3831
377.421,7.38231
377.417,7.38153
377.413,7.38074
377.409,7.37995
377.405,7.37916
377.401,7.37838
377.396,7.37759
377.392,7.3768
377.388,7.37601
377.384,7.37523
377.38,7.37444
377.376,7.37365
377.372,7.37286
377.368,7.37208
377.364,7.37129
377.359,7.3705
377.355,7.36971
377.351,7.36892
377.347,7.36814
377.343,7.36735
377.339,7.36656
377.335,7.36577
377.331,7.36499
377.327,7.3642
377.322,7.36341
377.318,7.36262
377.314,7.36184
377.31,7.36105
377.306,7.36026
377.302,7.35947
377.298,7.35869
377.294,7.3579
377.29,7.35711
377.285,7.35632
377.281,7.35554
377.277,7.35475
377.273,7.35396
377.269,7.35317
377.265,7.35239
377.261,7.3516
377.257,7.35081
377.252,7.35002
377.248,7.34923
377.244,7.34845
377.24,7.34766
377.236,7.34687
377.232,7.34608
377.228,7.3453
377.224,7.34451
377.219,7.34372
377.215,7.34293
377.211,7.34215
377.207,7.34136
377.203,7.34057
377.199,7.33978
377.195,7.339
377.191,7.33821
377.186,7.33742
377.182,7.33663
377.178,7.33585
377.174,7.33506
377.17,7.33427
377.166,7.33348
377.162,7.33269
377.158,7.33191
377.153,7.33112
377.149,7.33033
377.145,7.32954
377.141,7.32876
377.137,7.32797
377.133,7.32718
377.129,7.32639
377.124,7.32561
377.12,7.32482
377.116,7.32403
377.112,7.32324
377.108,7.32246
377.104,7.32167
377.1,7.32088
377.096,7.32009
377.091,7.31931
377.087,7.31852
377.083,7.31773
377.079,7.31694
377.075,7.31615
377.071,7.31537
377.067,7.31458
377.062,7.31379
377.058,7.313
377.054,7.31222
377.05,7.31143
377.046,7.31064
377.042,7.30985
377.038,7.30907
377.033,7.30828
377.029,7.30749
377.025,7.3067
377.021,7.30592
377.017,7.30513
377.013,7.30434
377.009,7.30355
377.004,7.30277
377,7.30198
376.996,7.30119
376.992,7.3004
376.988,7.29961
376.984,7.29883
376.98,7.29804
376.975,7.29725
376.971,7.29646
376.967,7.29568
376.963,7.29489
376.959,7.2941
376.955,7.29331
376.951,7.29253
376.946,7.29174
376.942,7.29095
376.938,7.29016
376.934,7.28938
376.93,7.28859
376.926,7.2878
376.922,7.28701
376.917,7.28623
376.913,7.28544
376.909,7.28465
376.905,7.28386
376.901,7.28307
376.897,7.28229
376.892,7.2815
376.888,7.28071
376.884,7.27992
376.88,7.27914
376.876,7.27835
376.872,7.27756
376.868,7.27677
376.863,7.27599
376.859,7.2752
376.855,7.27441
376.851,7.27362
376.847,7.27284
376.843,7.27205
376.838,7.27126
376.834,7.27047
376.83,7.26969
376.826,7.2689
376.822,7.26811
376.818,7.26732
376.813,7.26654
376.809,7.26575
376.805,7.26496
376.801,7.26417
376.797,7.26338
376.793,7.2626
376.788,7.26181
376.784,7.26102
376.78,7.26023
376.776,7.25945
376.772,7.25866
376.768,7.25787
376.764,7.25708
376.759,7.2563
376.755,7.25551
376.751,7.25472
376.747,7.25393
376.743,7.25315
376.739,7.25236
376.734,7.25157
376.73,7.25078
376.726,7.25
376.722,7.24921
376.718,7.24842
376.714,7.24763
376.709,7.24684
376.705,7.24606
376.701,7.24527
376.697,7.24448
376.693,7.24369
376.689,7.24291
376.684,7.24212
376.68,7.24133
376.676,7.24054
376.672,7.23976
376.668,7.23897
376.663,7.23818
376.659,7.23739
376.655,7.23661
376.651,7.23582
376.647,7.23503
376.643,7.23424
376.638,7.23346
376.634,7.23267
376.63,7.23188
376.626,7.23109
376.622,7.2303
376.618,7.22952
376.613,7.22873
376.609,7.22794
376.605,7.22715
376.601,7.22637
376.597,7.22558
376.592,7.22479
376.588,7.224
376.584,7.22322
376.58,7.22243
376.576,7.22164
376.572,7.22085
376.567,7.22007
376.563,7.21928
376.559,7.21849
376.555,7.2177
376.551,7.21692
376.546,7.21613
376.542,7.21534
376.538,7.21455
376.534,7.21376
376.53,7.21298
376.526,7.21219
376.521,7.2114
376.517,7.21061
376.513,7.20983
376.509,7.20904
376.505,7.20825
376.5,7.20746
376.496,7.20668
376.492,7.20589
376.488,7.2051
376.484,7.20431
376.48,7.20353
376.475,7.20274
376.471,7.20195
376.467,7.20116
376.463,7.20038
376.459,7.19959
376.454,7.1988
376.45,7.19801
376.446,7.19722
376.442,7.19644
376.438,7.19565
376.433,7.19486
376.429,7.19407
376.425,7.19329
376.421,7.1925
376.417,7.19171
376.412,7.19092
376.408,7.19014
376.404,7.18935
376.4,7.18856
376.396,7.18777
376.391,7.18699
376.387,7.1862
376.383,7.18541
376.379,7.18462
376.375,7.18384
376.37,7.18305
376.366,7.18226
376.362,7.18147
376.358,7.18069
376.354,7.1799
376.349,7.17911
376.345,7.17832
376.341,7.17753
376.337,7.17675
376.333,7.17596
376.328,7.17517
376.324,7.17438
376.32,7.1736
376.316,7.17281
376.312,7.17202
376.307,7.17123
376.303,7.17045
376.299,7.16966
376.295,7.16887
376.291,7.16808
376.286,7.1673
376.282,7.16651
376.278,7.16572
376.274,7.16493
376.27,7.16415
376.265,7.16336
376.261,7.16257
376.257,7.16178
376.253,7.16099
376.249,7.16021
376.244,7.15942
376.24,7.15863
376.236,7.15784
376.232,7.15706
376.228,7.15627
376.223,7.15548
376.219,7.15469
376.215,7.15391
376.211,7.15312
376.206,7.15233
376.202,7.15154
376.198,7.15076
376.194,7.14997
376.19,7.14918
376.185,7.14839
376.181,7.14761
376.177,7.14682
376.173,7.14603
376.169,7.14524
376.164,7.14445
376.16,7.14367
376.156,7.14288
376.152,7.14209
376.147,7.1413
376.143,7.14052
376.139,7.13973
376.135,7.13894
376.131,7.13815
376.126,7.13737
376.122,7.13658
376.118,7.13579
376.114,7.135
376.109,7.13422
376.105,7.13343
376.101,7.13264
376.097,7.13185
376.093,7.13107
376.088,7.13028
376.084,7.12949
376.08,7.1287
376.076,7.12791
376.071,7.12713
376.067,7.12634
376.063,7.12555
376.059,7.12476
376.055,7.12398
376.05,7.12319
376.046,7.1224
376.042,7.12161
376.038,7.12083
376.033,7.12004
376.029,7.11925
376.025,7.11846
376.021,7.11768
376.017,7.11689
376.012,7.1161
376.008,7.11531
376.004,7.11453
376,7.11374
375.995,7.11295
375.991,7.11216
375.987,7.11137
375.983,7.11059
375.978,7.1098
375.974,7.10901
375.97,7.10822
375.966,7.10744
375.961,7.10665
375.957,7.10586
375.953,7.10507
375.949,7.10429
375.945,7.1035
375.94,7.10271
375.936,7.10192
375.932,7.10114
375.928,7.10035
375.923,7.09956
375.919,7.09877
375.915,7.09799
375.911,7.0972
375.906,7.09641
375.902,7.09562
375.898,7.09484
375.894,7.09405
375.889,7.09326
375.885,7.09247
375.881,7.09168
375.877,7.0909
375.872,7.09011
375.868,7.08932
375.864,7.08853
375.86,7.08775
375.856,7.08696
375.851,7.08617
375.847,7.08538
375.843,7.0846
375.839,7.08381
375.834,7.08302
375.83,7.08223
375.826,7.08145
375.822,7.08066
375.817,7.07987
375.813,7.07908
375.809,7.0783
375.805,7.07751
375.8,7.07672
375.796,7.07593
375.792,7.07514
375.788,7.07436
375.783,7.07357
375.779,7.07278
375.775,7.07199
375.771,7.07121
375.766,7.07042
375.762,7.06963
375.758,7.06884
375.754,7.06806
375.749,7.06727
375.745,7.06648
375.741,7.06569
375.737,7.06491
375.732,7.06412
375.728,7.06333
375.724,7.06254
375.72,7.06176
375.715,7.06097
375.711,7.06018
375.707,7.05939
375.702,7.0586
375.698,7.05782
375.694,7.05703
375.69,7.05624
375.685,7.05545
375.681,7.05467
375.677,7.05388
375.673,7.05309
375.668,7.0523
375.664,7.05152
375.66,7.05073
375.656,7.04994
375.651,7.04915
375.647,7.04837
375.643,7.04758
375.639,7.04679
375.634,7.046
375.63,7.04522
375.626,7.04443
375.622,7.04364
375.617,7.04285
375.613,7.04206
375.609,7.04128
375.604,7.04049
375.6,7.0397
375.596,7.03891
375.592,7.03813
375.587,7.03734
375.583,7.03655
375.579,7.03576
375.575,7.03498
375.57,7.03419
375.566,7.0334
375.562,7.03261
375.558,7.03183
375.553,7.03104
375.549,7.03025
375.545,7.02946
375.54,7.02868
375.536,7.02789
375.532,7.0271
375.528,7.02631
375.523,7.02552
375.519,7.02474
375.515,7.02395
375.511,7.02316
375.506,7.02237
375.502,7.02159
375.498,7.0208
375.493,7.02001
375.489,7.01922
375.485,7.01844
375.481,7.01765
375.476,7.01686
375.472,7.01607
375.468,7.01529
375.463,7.0145
375.459,7.01371
375.455,7.01292
375.451,7.01214
375.446,7.01135
375.442,7.01056
375.438,7.00977
375.434,7.00898
375.429,7.0082
375.425,7.00741
375.421,7.00662
375.416,7.00583
375.412,7.00505
375.408,7.00426
375.404,7.00347
375.399,7.00268
375.395,7.0019
375.391,7.00111
375.386,7.00032
375.382,6.99953
375.378,6.99875
375.374,6.99796
375.369,6.99717
375.365,6.99638
375.361,6.9956
375.356,6.99481
375.352,6.99402
375.348,6.99323
375.344,6.99245
375.339,6.99166
375.335,6.99087
375.331,6.99008
375.326,6.98929
375.322,6.98851
375.318,6.98772
375.314,6.98693
375.309,6.98614
375.305,6.98536
375.301,6.98457
375.296,6.98378
375.292,6.98299
375.288,6.98221
375.283,6.98142
375.279,6.98063
375.275,6.97984
375.271,6.97906
375.266,6.97827
375.262,6.97748
375.258,6.97669
375.253,6.97591
375.249,6.97512
375.245,6.97433
375.24,6.97354
375.236,6.97275
375.232,6.97197
375.228,6.97118
375.223,6.97039
375.219,6.9696
375.215,6.96882
375.21,6.96803
375.206,6.96724
375.202,6.96645
375.197,6.96567
375.193,6.96488
375.189,6.96409
375.185,6.9633
375.18,6.96252
375.176,6.96173
375.172,6.96094
375.167,6.96015
375.163,6.95937
375.159,6.95858
375.154,6.95779
375.15,6.957
375.146,6.95621
375.142,6.95543
375.137,6.95464
375.133,6.95385
375.129,6.95306
375.124,6.95228
375.12,6.95149
375.116,6.9507
375.111,6.94991
375.107,6.94913
375.103,6.94834
375.098,6.94755
375.094,6.94676
375.09,6.94598
375.085,6.94519
375.081,6.9444
375.077,6.94361
375.073,6.94283
375.068,6.94204
375.064,6.94125
375.06,6.94046
375.055,6.93967
375.051,6.93889
375.047,6.9381
375.042,6.93731
375.038,6.93652
375.034,6.93574
375.029,6.93495
375.025,6.93416
375.021,6.93337
375.016,6.93259
375.012,6.9318
375.008,6.93101
375.003,6.93022
374.999,6.92944
374.995,6.92865
374.991,6.92786
374.986,6.92707
374.982,6.92629
374.978,6.9255
374.973,6.92471
374.969,6.92392
374.965,6.92313
374.96,6.92235
374.956,6.92156
374.952,6.92077
374.947,6.91998
374.943,6.9192
374.939,6.91841
374.934,6.91762
374.93,6.91683
374.926,6.91605
374.921,6.91526
374.917,6.91447
374.913,6.91368
374.908,6.9129
374.904,6.91211
374.9,6.91132
374.895,6.91053
374.891,6.90975
374.887,6.90896
374.882,6.90817
374.878,6.90738
374.874,6.9066
374.869,6.90581
374.865,6.90502
374.861,6.90423
374.856,6.90344
374.852,6.90266
374.848,6.90187
374.843,6.90108
374.839,6.90029
374.835,6.89951
374.83,6.89872
374.826,6.89793
374.822,6.89714
374.817,6.89636
374.813,6.89557
374.809,6.89478
374.804,6.89399
374.8,6.89321
374.796,6.89242
374.791,6.89163
374.787,6.89084
374.783,6.89006
374.778,6.88927
374.774,6.88848
374.77,6.88769
374.765,6.8869
374.761,6.88612
374.757,6.88533
374.752,6.88454
374.748,6.88375
374.744,6.88297
374.739,6.88218
374.735,6.88139
374.731,6.8806
374.726,6.87982
374.722,6.87903
374.717,6.87824
374.713,6.87745
374.709,6.87667
374.704,6.87588
374.7,6.87509
374.696,6.8743
374.691,6.87352
374.687,6.87273
374.683,6.87194
374.678,6.87115
374.674,6.87036
374.67,6.86958
374.665,6.86879
374.661,6.868
374.657,6.86721
374.652,6.86643
374.648,6.86564
374.644,6.86485
374.639,6.86406
374.635,6.86328
374.63,6.86249
374.626,6.8617
374.622,6.86091
374.617,6.86013
374.613,6.85934
374.609,6.85855
374.604,6.85776
374.6,6.85698
374.596,6.85619
374.591,6.8554
374.587,6.85461
374.583,6.85382
374.578,6.85304
374.574,6.85225
374.569,6.85146
374.565,6.85067
374.561,6.84989
374.556,6.8491
374.552,6.84831
374.548,6.84752
374.543,6.84674
374.539,6.84595
374.535,6.84516
374.53,6.84437
374.526,6.84359
374.522,6.8428
374.517,6.84201
374.513,6.84122
374.508,6.84044
374.504,6.83965
374.5,6.83886
374.495,6.83807
374.491,6.83728
374.487,6.8365
374.482,6.83571
374.478,6.83492
374.473,6.83413
374.469,6.83335
374.465,6.83256
374.46,6.83177
374.456,6.83098
374.452,6.8302
374.447,6.82941
374.443,6.82862
374.439,6.82783
374.434,6.82705
374.43,6.82626
374.425,6.82547
374.421,6.82468
374.417,6.8239
374.412,6.82311
374.408,6.82232
374.404,6.82153
374.399,6.82075
374.395,6.81996
374.39,6.81917
374.386,6.81838
374.382,6.81759
374.377,6.81681
374.373,6.81602
374.369,6.81523
374.364,6.81444
374.36,6.81366
374.355,6.81287
374.351,6.81208
374.347,6.81129
374.342,6.81051
374.338,6.80972
374.333,6.80893
374.329,6.80814
374.325,6.80736
374.32,6.80657
374.316,6.80578
374.312,6.80499
374.307,6.80421
374.303,6.80342
374.298,6.80263
374.294,6.80184
374.29,6.80105
374.285,6.80027
374.281,6.79948
374.276,6.79869
374.272,6.7979
374.268,6.79712
374.263,6.79633
374.259,6.79554
374.255,6.79475
374.25,6.79397
374.246,6.79318
374.241,6.79239
374.237,6.7916
374.233,6.79082
374.228,6.79003
374.224,6.78924
374.219,6.78845
374.215,6.78767
374.211,6.78688
374.206,6.78609
374.202,6.7853
374.197,6.78451
374.193,6.78373
374.189,6.78294
374.184,6.78215
374.18,6.78136
374.175,6.78058
374.171,6.77979
374.167,6.779
374.162,6.77821
374.158,6.77743
374.154,6.77664
374.149,6.77585
374.145,6.77506
374.14,6.77428
374.136,6.77349
374.132,6.7727
374.127,6.77191
374.123,6.77113
374.118,6.77034
374.114,6.76955
374.11,6.76876
374.105,6.76797
374.101,6.76719
374.096,6.7664
374.092,6.76561
374.087,6.76482
374.083,6.76404
374.079,6.76325
374.074,6.76246
374.07,6.76167
374.065,6.76089
374.061,6.7601
374.057,6.75931
374.052,6.75852
374.048,6.75774
374.043,6.75695
374.039,6.75616
374.035,6.75537
374.03,6.75459
374.026,6.7538
374.021,6.75301
374.017,6.75222
374.013,6.75143
374.008,6.75065
374.004,6.74986
373.999,6.74907
373.995,6.74828
373.99,6.7475
373.986,6.74671
373.982,6.74592
373.977,6.74513
373.973,6.74435
373.968,6.74356
373.964,6.74277
373.96,6.74198
373.955,6.7412
373.951,6.74041
373.946,6.73962
373.942,6.73883
373.938,6.73805
373.933,6.73726
373.929,6.73647
373.924,6.73568
373.92,6.7349
373.915,6.73411
373.911,6.73332
373.907,6.73253
373.902,6.73174
373.898,6.73096
373.893,6.73017
373.889,6.72938
373.884,6.72859
373.88,6.72781
373.876,6.72702
373.871,6.72623
373.867,6.72544
373.862,6.72466
373.858,6.72387
373.853,6.72308
373.849,6.72229
373.845,6.72151
373.84,6.72072
373.836,6.71993
373.831,6.71914
373.827,6.71836
373.822,6.71757
373.818,6.71678
373.814,6.71599
373.809,6.7152
373.805,6.71442
373.8,6.71363
373.796,6.71284
373.791,6.71205
373.787,6.71127
373.783,6.71048
373.778,6.70969
373.774,6.7089
373.769,6.70812
373.765,6.70733
373.76,6.70654
373.756,6.70575
373.752,6.70497
373.747,6.70418
373.743,6.70339
373.738,6.7026
373.734,6.70182
373.729,6.70103
373.725,6.70024
373.721,6.69945
373.716,6.69866
373.712,6.69788
373.707,6.69709
373.703,6.6963
373.698,6.69551
373.694,6.69473
373.689,6.69394
373.685,6.69315
373.681,6.69236
373.676,6.69158
373.672,6.69079
373.667,6.69
373.663,6.68921
373.658,6.68843
373.654,6.68764
373.649,6.68685
373.645,6.68606
373.641,6.68528
373.636,6.68449
373.632,6.6837
373.627,6.68291
373.623,6.68212
373.618,6.68134
373.614,6.68055
373.609,6.67976
373.605,6.67897
373.601,6.67819
373.596,6.6774
373.592,6.67661
373.587,6.67582
373.583,6.67504
373.578,6.67425
373.574,6.67346
373.569,6.67267
373.565,6.67189
373.56,6.6711
373.556,6.67031
373.552,6.66952
373.547,6.66874
373.543,6.66795
373.538,6.66716
373.534,6.66637
373.529,6.66558
373.525,6.6648
373.52,6.66401
373.516,6.66322
373.511,6.66243
373.507,6.66165
373.503,6.66086
373.498,6.66007
373.494,6.65928
373.489,6.6585
373.485,6.65771
373.48,6.65692
373.476,6.65613
373.471,6.65535
373.467,6.65456
373.462,6.65377
373.458,6.65298
373.453,6.6522
373.449,6.65141
373.445,6.65062
373.44,6.64983
373.436,6.64904
373.431,6.64826
373.427,6.64747
373.422,6.64668
373.418,6.64589
373.413,6.64511
373.409,6.64432
373.404,6.64353
373.4,6.64274
373.395,6.64196
373.391,6.64117
373.386,6.64038
373.382,6.63959
373.378,6.63881
373.373,6.63802
373.369,6.63723
373.364,6.63644
373.36,6.63566
373.355,6.63487
373.351,6.63408
373.346,6.63329
373.342,6.63251
373.337,6.63172
373.333,6.63093
373.328,6.63014
373.324,6.62935
373.319,6.62857
373.315,6.62778
373.31,6.62699
373.306,6.6262
373.301,6.62542
373.297,6.62463
373.293,6.62384
373.288,6.62305
373.284,6.62227
373.279,6.62148
373.275,6.62069
373.27,6.6199
373.266,6.61912
373.261,6.61833
373.257,6.61754
373.252,6.61675
373.248,6.61597
373.243,6.61518
373.239,6.61439
373.234,6.6136
373.23,6.61281
373.225,6.61203
373.221,6.61124
373.216,6.61045
373.212,6.60966
373.207,6.60888
373.203,6.60809
373.198,6.6073
373.194,6.60651
373.189,6.60573
373.185,6.60494
373.18,6.60415
373.176,6.60336
373.171,6.60258
373.167,6.60179
373.162,6.601
373.158,6.60021
373.153,6.59943
373.149,6.59864
373.144,6.59785
373.14,6.59706
373.135,6.59627
373.131,6.59549
373.126,6.5947
373.122,6.59391
373.118,6.59312
373.113,6.59234
373.109,6.59155
373.104,6.59076
373.1,6.58997
373.095,6.58919
373.091,6.5884
373.086,6.58761
373.082,6.58682
373.077,6.58604
373.073,6.58525
373.068,6.58446
373.064,6.58367
373.059,6.58289
373.055,6.5821
373.05,6.58131
373.046,6.58052
373.041,6.57973
373.037,6.57895
373.032,6.57816
373.028,6.57737
373.023,6.57658
373.019,6.5758
373.014,6.57501
373.009,6.57422
373.005,6.57343
373,6.57265
372.996,6.57186
372.991,6.57107
372.987,6.57028
372.982,6.5695
372.978,6.56871
372.973,6.56792
372.969,6.56713
372.964,6.56635
372.96,6.56556
372.955,6.56477
372.951,6.56398
372.946,6.56319
372.942,6.56241
372.937,6.56162
372.933,6.56083
372.928,6.56004
372.924,6.55926
372.919,6.55847
372.915,6.55768
372.91,6.55689
372.906,6.55611
372.901,6.55532
372.897,6.55453
372.892,6.55374
372.888,6.55296
372.883,6.55217
372.879,6.55138
372.874,6.55059
372.87,6.54981
372.865,6.54902
372.861,6.54823
372.856,6.54744
372.852,6.54666
372.847,6.54587
372.842,6.54508
372.838,6.54429
372.833,6.5435
372.829,6.54272
372.824,6.54193
372.82,6.54114
372.815,6.54035
372.811,6.53957
372.806,6.53878
372.802,6.53799
372.797,6.5372
372.793,6.53642
372.788,6.53563
372.784,6.53484
372.779,6.53405
372.775,6.53327
372.77,6.53248
372.766,6.53169
372.761,6.5309
372.756,6.53012
372.752,6.52933
372.747,6.52854
372.743,6.52775
372.738,6.52696
372.734,6.52618
372.729,6.52539
372.725,6.5246
372.72,6.52381
372.716,6.52303
372.711,6.52224
372.707,6.52145
372.702,6.52066
372.698,6.51988
372.693,6.51909
372.688,6.5183
372.684,6.51751
372.679,6.51673
372.675,6.51594
372.67,6.51515
372.666,6.51436
372.661,6.51358
372.657,6.51279
372.652,6.512
372.648,6.51121
372.643,6.51042
372.639,6.50964
372.634,6.50885
372.629,6.50806
372.625,6.50727
372.62,6.50649
372.616,6.5057
372.611,6.50491
372.607,6.50412
372.602,6.50334
372.598,6.50255
372.593,6.50176
372.589,6.50097
372.584,6.50019
372.579,6.4994
372.575,6.49861
372.57,6.49782
372.566,6.49704
372.561,6.49625
372.557,6.49546
372.552,6.49467
372.548,6.49388
372.543,6.4931
372.539,6.49231
372.534,6.49152
372.529,6.49073
372.525,6.48995
372.52,6.48916
372.516,6.48837
372.511,6.48758
372.507,6.4868
372.502,6.48601
372.498,6.48522
372.493,6.48443
372.488,6.48365
372.484,6.48286
372.479,6.48207
372.475,6.48128
372.47,6.4805
372.466,6.47971
372.461,6.47892
372.457,6.47813
372.452,6.47734
372.447,6.47656
372.443,6.47577
372.438,6.47498
372.434,6.47419
372.429,6.47341
372.425,6.47262
372.42,6.47183
372.415,6.47104
372.411,6.47026
372.406,6.46947
372.402,6.46868
372.397,6.46789
372.393,6.46711
372.388,6.46632
372.384,6.46553
372.379,6.46474
372.374,6.46396
372.37,6.46317
372.365,6.46238
372.361,6.46159
372.356,6.46081
372.352,6.46002
372.347,6.45923
372.342,6.45844
372.338,6.45765
372.333,6.45687
372.329,6.45608
372.324,6.45529
372.32,6.4545
372.315,6.45372
372.31,6.45293
372.306,6.45214
372.301,6.45135
372.297,6.45057
372.292,6.44978
372.288,6.44899
372.283,6.4482
372.278,6.44742
372.274,6.44663
372.269,6.44584
372.265,6.44505
372.26,6.44427
372.256,6.44348
372.251,6.44269
372.246,6.4419
372.242,6.44111
372.237,6.44033
372.233,6.43954
372.228,6.43875
372.223,6.43796
372.219,6.43718
372.214,6.43639
372.21,6.4356
372.205,6.43481
372.201,6.43403
372.196,6.43324
372.191,6.43245
372.187,6.43166
372.182,6.43088
372.178,6.43009
372.173,6.4293
372.168,6.42851
372.164,6.42773
372.159,6.42694
372.155,6.42615
372.15,6.42536
372.145,6.42457
372.141,6.42379
372.136,6.423
372.132,6.42221
372.127,6.42142
372.123,6.42064
372.118,6.41985
372.113,6.41906
372.109,6.41827
372.104,6.41749
372.1,6.4167
372.095,6.41591
372.09,6.41512
372.086,6.41434
372.081,6.41355
372.077,6.41276
372.072,6.41197
372.067,6.41119
372.063,6.4104
372.058,6.40961
372.054,6.40882
372.049,6.40803
372.044,6.40725
372.04,6.40646
372.035,6.40567
372.031,6.40488
372.026,6.4041
372.021,6.40331
372.017,6.40252
372.012,6.40173
372.008,6.40095
372.003,6.40016
371.998,6.39937
371.994,6.39858
371.989,6.3978
371.985,6.39701
371.98,6.39622
371.975,6.39543
371.971,6.39465
371.966,6.39386
371.962,6.39307
371.957,6.39228
371.952,6.39149
371.948,6.39071
371.943,6.38992
371.939,6.38913
371.934,6.38834
371.929,6.38756
371.925,6.38677
371.92,6.38598
371.915,6.38519
371.911,6.38441
371.906,6.38362
371.902,6.38283
371.897,6.38204
371.892,6.38126
371.888,6.38047
371.883,6.37968
371.879,6.37889
371.874,6.37811
371.869,6.37732
371.865,6.37653
371.86,6.37574
371.855,6.37495
371.851,6.37417
371.846,6.37338
371.842,6.37259
371.837,6.3718
371.832,6.37102
371.828,6.37023
371.823,6.36944
371.819,6.36865
371.814,6.36787
371.809,6.36708
371.805,6.36629
371.8,6.3655
371.795,6.36472
371.791,6.36393
371.786,6.36314
371.782,6.36235
371.777,6.36157
371.772,6.36078
371.768,6.35999
371.763,6.3592
371.758,6.35842
371.754,6.35763
371.749,6.35684
371.745,6.35605
371.74,6.35526
371.735,6.35448
371.731,6.35369
371.726,6.3529
371.721,6.35211
371.717,6.35133
371.712,6.35054
371.707,6.34975
371.703,6.34896
371.698,6.34818
371.694,6.34739
371.689,6.3466
371.684,6.34581
371.68,6.34503
371.675,6.34424
371.67,6.34345
371.666,6.34266
371.661,6.34188
371.656,6.34109
371.652,6.3403
371.647,6.33951
371.643,6.33872
371.638,6.33794
371.633,6.33715
371.629,6.33636
371.624,6.33557
371.619,6.33479
371.615,6.334
371.61,6.33321
371.605,6.33242
371.601,6.33164
371.596,6.33085
371.591,6.33006
371.587,6.32927
371.582,6.32849
371.578,6.3277
371.573,6.32691
371.568,6.32612
371.564,6.32534
371.559,6.32455
371.554,6.32376
371.55,6.32297
371.545,6.32218
371.54,6.3214
371.536,6.32061
371.531,6.31982
371.526,6.31903
371.522,6.31825
371.517,6.31746
371.512,6.31667
371.508,6.31588
371.503,6.3151
371.499,6.31431
371.494,6.31352
371.489,6.31273
371.485,6.31195
371.48,6.31116
371.475,6.31037
371.471,6.30958
371.466,6.3088
371.461,6.30801
371.457,6.30722
371.452,6.30643
371.447,6.30564
371.443,6.30486
371.438,6.30407
371.433,6.30328
371.429,6.30249
371.424,6.30171
371.419,6.30092
371.415,6.30013
371.41,6.29934
371.405,6.29856
371.401,6.29777
371.396,6.29698
371.391,6.29619
371.387,6.29541
371.382,6.29462
371.377,6.29383
371.373,6.29304
371.368,6.29226
371.363,6.29147
371.359,6.29068
371.354,6.28989
371.349,6.2891
371.345,6.28832
371.34,6.28753
371.335,6.28674
371.331,6.28595
371.326,6.28517
371.321,6.28438
371.317,6.28359
371.312,6.2828
371.307,6.28202
371.303,6.28123
371.298,6.28044
371.293,6.27965
371.289,6.27887
371.284,6.27808
371.279,6.27729
371.275,6.2765
371.27,6.27572
371.265,6.27493
371.261,6.27414
371.256,6.27335
371.251,6.27257
371.247,6.27178
371.242,6.27099
371.237,6.2702
371.233,6.26941
371.228,6.26863
371.223,6.26784
371.218,6.26705
371.214,6.26626
371.209,6.26548
371.204,6.26469
371.2,6.2639
371.195,6.26311
371.19,6.26233
371.186,6.26154
371.181,6.26075
371.176,6.25996
371.172,6.25918
371.167,6.25839
371.162,6.2576
371.158,6.25681
371.153,6.25603
371.148,6.25524
371.144,6.25445
371.139,6.25366
371.134,6.25287
371.129,6.25209
371.125,6.2513
371.12,6.25051
371.115,6.24972
371.111,6.24894
371.106,6.24815
371.101,6.24736
371.097,6.24657
371.092,6.24579
371.087,6.245
371.083,6.24421
371.078,6.24342
371.073,6.24264
371.068,6.24185
371.064,6.24106
371.059,6.24027
371.054,6.23949
371.05,6.2387
371.045,6.23791
371.04,6.23712
371.036,6.23633
371.031,6.23555
371.026,6.23476
371.021,6.23397
371.017,6.23318
371.012,6.2324
371.007,6.23161
371.003,6.23082
370.998,6.23003
370.993,6.22925
370.989,6.22846
370.984,6.22767
370.979,6.22688
370.974,6.2261
370.97,6.22531
370.965,6.22452
370.96,6.22373
370.956,6.22295
370.951,6.22216
370.946,6.22137
370.941,6.22058
370.937,6.21979
370.932,6.21901
370.927,6.21822
370.923,6.21743
370.918,6.21664
370.913,6.21586
370.908,6.21507
370.904,6.21428
370.899,6.21349
370.894,6.21271
370.89,6.21192
370.885,6.21113
370.88,6.21034
370.875,6.20956
370.871,6.20877
370.866,6.20798
370.861,6.20719
370.857,6.20641
370.852,6.20562
370.847,6.20483
370.842,6.20404
370.838,6.20325
370.833,6.20247
370.828,6.20168
370.824,6.20089
370.819,6.2001
370.814,6.19932
370.809,6.19853
370.805,6.19774
370.8,6.19695
370.795,6.19617
370.791,6.19538
370.786,6.19459
370.781,6.1938
370.776,6.19302
370.772,6.19223
370.767,6.19144
370.762,6.19065
370.757,6.18987
370.753,6.18908
370.748,6.18829
370.743,6.1875
370.739,6.18672
370.734,6.18593
370.729,6.18514
370.724,6.18435
370.72,6.18356
370.715,6.18278
370.71,6.18199
370.705,6.1812
370.701,6.18041
370.696,6.17963
370.691,6.17884
370.686,6.17805
370.682,6.17726
370.677,6.17648
370.672,6.17569
370.668,6.1749
370.663,6.17411
370.658,6.17333
370.653,6.17254
370.649,6.17175
370.644,6.17096
370.639,6.17018
370.634,6.16939
370.63,6.1686
370.625,6.16781
370.62,6.16702
370.615,6.16624
370.611,6.16545
370.606,6.16466
370.601,6.16387
370.596,6.16309
370.592,6.1623
370.587,6.16151
370.582,6.16072
370.577,6.15994
370.573,6.15915
370.568,6.15836
370.563,6.15757
370.558,6.15679
370.554,6.156
370.549,6.15521
370.544,6.15442
370.539,6.15364
370.535,6.15285
370.53,6.15206
370.525,6.15127
370.52,6.15048
370.516,6.1497
370.511,6.14891
370.506,6.14812
370.501,6.14733
370.497,6.14655
370.492,6.14576
370.487,6.14497
370.482,6.14418
370.478,6.1434
370.473,6.14261
370.468,6.14182
370.463,6.14103
370.459,6.14025
370.454,6.13946
370.449,6.13867
370.444,6.13788
370.44,6.1371
370.435,6.13631
370.43,6.13552
370.425,6.13473
370.421,6.13394
370.416,6.13316
370.411,6.13237
370.406,6.13158
370.401,6.13079
370.397,6.13001
370.392,6.12922
370.387,6.12843
370.382,6.12764
370.378,6.12686
370.373,6.12607
370.368,6.12528
370.363,6.12449
370.359,6.12371
370.354,6.12292
370.349,6.12213
370.344,6.12134
370.339,6.12056
370.335,6.11977
370.33,6.11898
370.325,6.11819
370.32,6.1174
370.316,6.11662
370.311,6.11583
370.306,6.11504
370.301,6.11425
370.297,6.11347
370.292,6.11268
370.287,6.11189
370.282,6.1111
370.277,6.11032
370.273,6.10953
370.268,6.10874
370.263,6.10795
370.258,6.10717
370.254,6.10638
370.249,6.10559
370.244,6.1048
370.239,6.10402
370.234,6.10323
370.23,6.10244
370.225,6.10165
370.22,6.10087
370.215,6.10008
370.21,6.09929
370.206,6.0985
370.201,6.09771
370.196,6.09693
370.191,6.09614
370.187,6.09535
370.182,6.09456
370.177,6.09378
370.172,6.09299
370.167,6.0922
370.163,6.09141
370.158,6.09063
370.153,6.08984
370.148,6.08905
370.143,6.08826
370.139,6.08748
370.134,6.08669
370.129,6.0859
370.124,6.08511
370.119,6.08433
370.115,6.08354
370.11,6.08275
370.105,6.08196
370.1,6.08117
370.096,6.08039
370.091,6.0796
370.086,6.07881
370.081,6.07802
370.076,6.07724
370.072,6.07645
370.067,6.07566
370.062,6.07487
370.057,6.07409
370.052,6.0733
370.048,6.07251
370.043,6.07172
370.038,6.07094
370.033,6.07015
370.028,6.06936
370.024,6.06857
370.019,6.06779
370.014,6.067
370.009,6.06621
370.004,6.06542
370,6.06463
369.995,6.06385
369.99,6.06306
369.985,6.06227
369.98,6.06148
369.975,6.0607
369.971,6.05991
369.966,6.05912
369.961,6.05833
369.956,6.05755
369.951,6.05676
369.947,6.05597
369.942,6.05518
369.937,6.0544
369.932,6.05361
369.927,6.05282
369.923,6.05203
369.918,6.05125
369.913,6.05046
369.908,6.04967
369.903,6.04888
369.898,6.04809
369.894,6.04731
369.889,6.04652
369.884,6.04573
369.879,6.04494
369.874,6.04416
369.87,6.04337
369.865,6.04258
369.86,6.04179
369.855,6.04101
369.85,6.04022
369.845,6.03943
369.841,6.03864
369.836,6.03786
369.831,6.03707
369.826,6.03628
369.821,6.03549
369.817,6.03471
369.812,6.03392
369.807,6.03313
369.802,6.03234
369.797,6.03155
369.792,6.03077
369.788,6.02998
369.783,6.02919
369.778,6.0284
369.773,6.02762
369.768,6.02683
369.763,6.02604
369.759,6.02525
369.754,6.02447
369.749,6.02368
369.744,6.02289
369.739,6.0221
369.734,6.02132
369.73,6.02053
369.725,6.01974
369.72,6.01895
369.715,6.01817
369.71,6.01738
369.705,6.01659
369.701,6.0158
369.696,6.01501
369.691,6.01423
369.686,6.01344
369.681,6.01265
369.676,6.01186
369.672,6.01108
369.667,6.01029
369.662,6.0095
369.657,6.00871
369.652,6.00793
369.647,6.00714
369.642,6.00635
369.638,6.00556
369.633,6.00478
369.628,6.00399
369.623,6.0032
369.618,6.00241
369.613,6.00163
369.609,6.00084
369.604,6.00005
369.599,5.99926
369.594,5.99848
369.589,5.99769
369.584,5.9969
369.579,5.99611
369.575,5.99532
369.57,5.99454
369.565,5.99375
369.56,5.99296
369.555,5.99217
369.55,5.99139
369.546,5.9906
369.541,5.98981
369.536,5.98902
369.531,5.98824
369.526,5.98745
369.521,5.98666
369.516,5.98587
369.512,5.98509
369.507,5.9843
369.502,5.98351
369.497,5.98272
369.492,5.98194
369.487,5.98115
369.482,5.98036
369.478,5.97957
369.473,5.97878
369.468,5.978
369.463,5.97721
369.458,5.97642
369.453,5.97563
369.448,5.97485
369.443,5.97406
369.439,5.97327
369.434,5.97248
369.429,5.9717
369.424,5.97091
369.419,5.97012
369.414,5.96933
369.409,5.96855
369.405,5.96776
369.4,5.96697
369.395,5.96618
369.39,5.9654
369.385,5.96461
369.38,5.96382
369.375,5.96303
369.37,5.96224
369.366,5.96146
369.361,5.96067
369.356,5.95988
369.351,5.95909
369.346,5.95831
369.341,5.95752
369.336,5.95673
369.331,5.95594
369.327,5.95516
369.322,5.95437
369.317,5.95358
369.312,5.95279
369.307,5.95201
369.302,5.95122
369.297,5.95043
369.292,5.94964
369.288,5.94886
369.283,5.94807
369.278,5.94728
369.273,5.94649
369.268,5.9457
369.263,5.94492
369.258,5.94413
369.253,5.94334
369.248,5.94255
369.244,5.94177
369.239,5.94098
369.234,5.94019
369.229,5.9394
369.224,5.93862
369.219,5.93783
369.214,5.93704
369.209,5.93625
369.205,5.93547
369.2,5.93468
369.195,5.93389
369.19,5.9331
369.185,5.93232
369.18,5.93153
369.175,5.93074
369.17,5.92995
369.165,5.92916
369.16,5.92838
369.156,5.92759
369.151,5.9268
369.146,5.92601
369.141,5.92523
369.136,5.92444
369.131,5.92365
369.126,5.92286
369.121,5.92208
369.116,5.92129
369.112,5.9205
369.107,5.91971
369.102,5.91893
369.097,5.91814
369.092,5.91735
369.087,5.91656
369.082,5.91578
369.077,5.91499
369.072,5.9142
369.067,5.91341
369.062,5.91263
369.058,5.91184
369.053,5.91105
369.048,5.91026
369.043,5.90947
369.038,5.90869
369.033,5.9079
369.028,5.90711
369.023,5.90632
369.018,5.90554
369.013,5.90475
369.009,5.90396
369.004,5.90317
368.999,5.90239
368.994,5.9016
368.989,5.90081
368.984,5.90002
368.979,5.89924
368.974,5.89845
368.969,5.89766
368.964,5.89687
368.959,5.89609
368.954,5.8953
368.95,5.89451
368.945,5.89372
368.94,5.89293
368.935,5.89215
368.93,5.89136
368.925,5.89057
368.92,5.88978
368.915,5.889
368.91,5.88821
368.905,5.88742
368.9,5.88663
368.895,5.88585
368.891,5.88506
368.886,5.88427
368.881,5.88348
368.876,5.8827
368.871,5.88191
368.866,5.88112
368.861,5.88033
368.856,5.87955
368.851,5.87876
368.846,5.87797
368.841,5.87718
368.836,5.87639
368.831,5.87561
368.826,5.87482
368.822,5.87403
368.817,5.87324
368.812,5.87246
368.807,5.87167
368.802,5.87088
368.797,5.87009
368.792,5.86931
368.787,5.86852
368.782,5.86773
368.777,5.86694
368.772,5.86616
368.767,5.86537
368.762,5.86458
368.757,5.86379
368.752,5.86301
368.748,5.86222
368.743,5.86143
368.738,5.86064
368.733,5.85985
368.728,5.85907
368.723,5.85828
368.718,5.85749
368.713,5.8567
368.708,5.85592
368.703,5.85513
368.698,5.85434
368.693,5.85355
368.688,5.85277
368.683,5.85198
368.678,5.85119
368.673,5.8504
368.668,5.84962
368.663,5.84883
368.659,5.84804
368.654,5.84725
368.649,5.84647
368.644,5.84568
368.639,5.84489
368.634,5.8441
368.629,5.84331
368.624,5.84253
368.619,5.84174
368.614,5.84095
368.609,5.84016
368.604,5.83938
368.599,5.83859
368.594,5.8378
368.589,5.83701
368.584,5.83623
368.579,5.83544
368.574,5.83465
368.569,5.83386
368.564,5.83308
368.559,5.83229
368.555,5.8315
368.55,5.83071
368.545,5.82993
368.54,5.82914
368.535,5.82835
368.53,5.82756
368.525,5.82678
368.52,5.82599
368.515,5.8252
368.51,5.82441
368.505,5.82362
368.5,5.82284
368.495,5.82205
368.49,5.82126
368.485,5.82047
368.48,5.81969
368.475,5.8189
368.47,5.81811
368.465,5.81732
368.46,5.81654
368.455,5.81575
368.45,5.81496
368.445,5.81417
368.44,5.81339
368.435,5.8126
368.43,5.81181
368.425,5.81102
368.42,5.81024
368.415,5.80945
368.41,5.80866
368.405,5.80787
368.401,5.80708
368.396,5.8063
368.391,5.80551
368.386,5.80472
368.381,5.80393
368.376,5.80315
368.371,5.80236
368.366,5.80157
368.361,5.80078
368.356,5.8
368.351,5.79921
368.346,5.79842
368.341,5.79763
368.336,5.79685
368.331,5.79606
368.326,5.79527
368.321,5.79448
368.316,5.7937
368.311,5.79291
368.306,5.79212
368.301,5.79133
368.296,5.79054
368.291,5.78976
368.286,5.78897
368.281,5.78818
368.276,5.78739
368.271,5.78661
368.266,5.78582
368.261,5.78503
368.256,5.78424
368.251,5.78346
368.246,5.78267
368.241,5.78188
368.236,5.78109
368.231,5.78031
368.226,5.77952
368.221,5.77873
368.216,5.77794
368.211,5.77716
368.206,5.77637
368.201,5.77558
368.196,5.77479
368.191,5.774
368.186,5.77322
368.181,5.77243
368.176,5.77164
368.171,5.77085
368.166,5.77007
368.161,5.76928
368.156,5.76849
368.151,5.7677
368.146,5.76692
368.141,5.76613
368.136,5.76534
368.131,5.76455
368.126,5.76377
368.121,5.76298
368.116,5.76219
368.111,5.7614
368.106,5.76062
368.101,5.75983
368.096,5.75904
368.091,5.75825
368.086,5.75746
368.081,5.75668
368.076,5.75589
368.071,5.7551
368.066,5.75431
368.061,5.75353
368.056,5.75274
368.051,5.75195
368.046,5.75116
368.041,5.75038
368.036,5.74959
368.031,5.7488
368.026,5.74801
368.021,5.74723
368.016,5.74644
368.011,5.74565
368.006,5.74486
368.001,5.74408
367.996,5.74329
367.991,5.7425
367.986,5.74171
367.981,5.74092
367.976,5.74014
367.971,5.73935
367.966,5.73856
367.961,5.73777
367.956,5.73699
367.95,5.7362
367.945,5.73541
367.94,5.73462
367.935,5.73384
367.93,5.73305
367.925,5.73226
367.92,5.73147
367.915,5.73069
367.91,5.7299
367.905,5.72911
367.9,5.72832
367.895,5.72754
367.89,5.72675
367.885,5.72596
367.88,5.72517
367.875,5.72439
367.87,5.7236
367.865,5.72281
367.86,5.72202
367.855,5.72123
367.85,5.72045
367.845,5.71966
367.84,5.71887
367.835,5.71808
367.83,5.7173
367.825,5.71651
367.82,5.71572
367.815,5.71493
367.81,5.71415
367.805,5.71336
367.799,5.71257
367.794,5.71178
367.789,5.711
367.784,5.71021
367.779,5.70942
367.774,5.70863
367.769,5.70785
367.764,5.70706
367.759,5.70627
367.754,5.70548
367.749,5.70469
367.744,5.70391
367.739,5.70312
367.734,5.70233
367.729,5.70154
367.724,5.70076
367.719,5.69997
367.714,5.69918
367.709,5.69839
367.704,5.69761
367.699,5.69682
367.693,5.69603
367.688,5.69524
367.683,5.69446
367.678,5.69367
367.673,5.69288
367.668,5.69209
367.663,5.69131
367.658,5.69052
367.653,5.68973
367.648,5.68894
367.643,5.68815
367.638,5.68737
367.633,5.68658
367.628,5.68579
367.623,5.685
367.618,5.68422
367.613,5.68343
367.607,5.68264
367.602,5.68185
367.597,5.68107
367.592,5.68028
367.587,5.67949
367.582,5.6787
367.577,5.67792
367.572,5.67713
367.567,5.67634
367.562,5.67555
367.557,5.67477
367.552,5.67398
367.547,5.67319
367.542,5.6724
367.537,5.67161
367.531,5.67083
367.526,5.67004
367.521,5.66925
367.516,5.66846
367.511,5.66768
367.506,5.66689
367.501,5.6661
367.496,5.66531
367.491,5.66453
367.486,5.66374
367.481,5.66295
367.476,5.66216
367.471,5.66138
367.465,5.66059
367.46,5.6598
367.455,5.65901
367.45,5.65823
367.445,5.65744
367.44,5.65665
367.435,5.65586
367.43,5.65507
367.425,5.65429
367.42,5.6535
367.415,5.65271
367.41,5.65192
367.405,5.65114
367.399,5.65035
367.394,5.64956
367.389,5.64877
367.384,5.64799
367.379,5.6472
367.374,5.64641
367.369,5.64562
367.364,5.64484
367.359,5.64405
367.354,5.64326
367.349,5.64247
367.343,5.64169
367.338,5.6409
367.333,5.64011
367.328,5.63932
367.323,5.63854
367.318,5.63775
367.313,5.63696
367.308,5.63617
367.303,5.63538
367.298,5.6346
367.292,5.63381
367.287,5.63302
367.282,5.63223
367.277,5.63145
367.272,5.63066
367.267,5.62987
367.262,5.62908
367.257,5.6283
367.252,5.62751
367.247,5.62672
367.241,5.62593
367.236,5.62515
367.231,5.62436
367.226,5.62357
367.221,5.62278
367.216,5.622
367.211,5.62121
367.206,5.62042
367.201,5.61963
367.196,5.61884
367.19,5.61806
367.185,5.61727
367.18,5.61648
367.175,5.61569
367.17,5.61491
367.165,5.61412
367.16,5.61333
367.155,5.61254
367.15,5.61176
367.144,5.61097
367.139,5.61018
367.134,5.60939
367.129,5.60861
367.124,5.60782
367.119,5.60703
367.114,5.60624
367.109,5.60546
367.103,5.60467
367.098,5.60388
367.093,5.60309
367.088,5.6023
367.083,5.60152
367.078,5.60073
367.073,5.59994
367.068,5.59915
367.062,5.59837
367.057,5.59758
367.052,5.59679
367.047,5.596
367.042,5.59522
367.037,5.59443
367.032,5.59364
367.027,5.59285
367.021,5.59207
367.016,5.59128
367.011,5.59049
367.006,5.5897
367.001,5.58892
366.996,5.58813
366.991,5.58734
366.986,5.58655
366.98,5.58576
366.975,5.58498
366.97,5.58419
366.965,5.5834
366.96,5.58261
366.955,5.58183
366.95,5.58104
366.944,5.58025
366.939,5.57946
366.934,5.57868
366.929,5.57789
366.924,5.5771
366.919,5.57631
366.914,5.57553
366.909,5.57474
366.903,5.57395
366.898,5.57316
366.893,5.57238
366.888,5.57159
366.883,5.5708
366.878,5.57001
366.872,5.56922
366.867,5.56844
366.862,5.56765
366.857,5.56686
366.852,5.56607
366.847,5.56529
366.842,5.5645
366.836,5.56371
366.831,5.56292
366.826,5.56214
366.821,5.56135
366.816,5.56056
366.811,5.55977
366.806,5.55899
366.8,5.5582
366.795,5.55741
366.79,5.55662
366.785,5.55584
366.78,5.55505
366.775,5.55426
366.769,5.55347
366.764,5.55269
366.759,5.5519
366.754,5.55111
366.749,5.55032
366.744,5.54953
366.739,5.54875
366.733,5.54796
366.728,5.54717
366.723,5.54638
366.718,5.5456
366.713,5.54481
366.708,5.54402
366.702,5.54323
366.697,5.54245
366.692,5.54166
366.687,5.54087
366.682,5.54008
366.677,5.5393
366.671,5.53851
366.666,5.53772
366.661,5.53693
366.656,5.53615
366.651,5.53536
366.646,5.53457
366.64,5.53378
366.635,5.53299
366.63,5.53221
366.625,5.53142
366.62,5.53063
366.614,5.52984
366.609,5.52906
366.604,5.52827
366.599,5.52748
366.594,5.52669
366.589,5.52591
366.583,5.52512
366.578,5.52433
366.573,5.52354
366.568,5.52276
366.563,5.52197
366.558,5.52118
366.552,5.52039
366.547,5.51961
366.542,5.51882
366.537,5.51803
366.532,5.51724
366.526,5.51645
366.521,5.51567
366.516,5.51488
366.511,5.51409
366.506,5.5133
366.5,5.51252
366.495,5.51173
366.49,5.51094
366.485,5.51015
366.48,5.50937
366.475,5.50858
366.469,5.50779
366.464,5.507
366.459,5.50622
366.454,5.50543
366.449,5.50464
366.443,5.50385
366.438,5.50307
366.433,5.50228
366.428,5.50149
366.423,5.5007
366.417,5.49991
366.412,5.49913
366.407,5.49834
366.402,5.49755
366.397,5.49676
366.391,5.49598
366.386,5.49519
366.381,5.4944
366.376,5.49361
366.371,5.49283
366.365,5.49204
366.36,5.49125
366.355,5.49046
366.35,5.48968
366.345,5.48889
366.339,5.4881
366.334,5.48731
366.329,5.48653
366.324,5.48574
366.319,5.48495
366.313,5.48416
366.308,5.48337
366.303,5.48259
366.298,5.4818
366.292,5.48101
366.287,5.48022
366.282,5.47944
366.277,5.47865
366.272,5.47786
366.266,5.47707
366.261,5.47629
366.256,5.4755
366.251,5.47471
366.246,5.47392
366.24,5.47314
366.235,5.47235
366.23,5.47156
366.225,5.47077
366.219,5.46999
366.214,5.4692
366.209,5.46841
366.204,5.46762
366.199,5.46684
366.193,5.46605
366.188,5.46526
366.183,5.46447
366.178,5.46368
366.172,5.4629
366.167,5.46211
366.162,5.46132
366.157,5.46053
366.152,5.45975
366.146,5.45896
366.141,5.45817
366.136,5.45738
366.131,5.4566
366.125,5.45581
366.12,5.45502
366.115,5.45423
366.11,5.45345
366.104,5.45266
366.099,5.45187
366.094,5.45108
366.089,5.4503
366.084,5.44951
366.078,5.44872
366.073,5.44793
366.068,5.44714
366.063,5.44636
366.057,5.44557
366.052,5.44478
366.047,5.44399
366.042,5.44321
366.036,5.44242
366.031,5.44163
366.026,5.44084
366.021,5.44006
366.015,5.43927
366.01,5.43848
366.005,5.43769
366,5.43691
365.994,5.43612
365.989,5.43533
365.984,5.43454
365.979,5.43376
365.973,5.43297
365.968,5.43218
365.963,5.43139
365.958,5.4306
365.952,5.42982
365.947,5.42903
365.942,5.42824
365.937,5.42745
365.931,5.42667
365.926,5.42588
365.921,5.42509
365.916,5.4243
365.91,5.42352
365.905,5.42273
365.9,5.42194
365.895,5.42115
365.889,5.42037
365.884,5.41958
365.879,5.41879
365.874,5.418
365.868,5.41722
365.863,5.41643
365.858,5.41564
365.853,5.41485
365.847,5.41406
365.842,5.41328
365.837,5.41249
365.832,5.4117
365.826,5.41091
365.821,5.41013
365.816,5.40934
365.81,5.40855
365.805,5.40776
365.8,5.40698
365.795,5.40619
365.789,5.4054
365.784,5.40461
365.779,5.40383
365.774,5.40304
365.768,5.40225
365.763,5.40146
365.758,5.40068
365.752,5.39989
365.747,5.3991
365.742,5.39831
365.737,5.39752
365.731,5.39674
365.726,5.39595
365.721,5.39516
365.716,5.39437
365.71,5.39359
365.705,5.3928
365.7,5.39201
365.694,5.39122
365.689,5.39044
365.684,5.38965
365.679,5.38886
365.673,5.38807
365.668,5.38729
365.663,5.3865
365.657,5.38571
365.652,5.38492
365.647,5.38414
365.642,5.38335
365.636,5.38256
365.631,5.38177
365.626,5.38098
365.62,5.3802
365.615,5.37941
365.61,5.37862
365.605,5.37783
365.599,5.37705
365.594,5.37626
365.589,5.37547
365.583,5.37468
365.578,5.3739
365.573,5.37311
365.567,5.37232
365.562,5.37153
365.557,5.37075
365.552,5.36996
365.546,5.36917
365.541,5.36838
365.536,5.3676
365.53,5.36681
365.525,5.36602
365.52,5.36523
365.514,5.36445
365.509,5.36366
365.504,5.36287
365.499,5.36208
365.493,5.36129
365.488,5.36051
365.483,5.35972
365.477,5.35893
365.472,5.35814
365.467,5.35736
365.461,5.35657
365.456,5.35578
365.451,5.35499
365.445,5.35421
365.44,5.35342
365.435,5.35263
365.43,5.35184
365.424,5.35106
365.419,5.35027
365.414,5.34948
365.408,5.34869
365.403,5.34791
365.398,5.34712
365.392,5.34633
365.387,5.34554
365.382,5.34475
365.376,5.34397
365.371,5.34318
365.366,5.34239
365.36,5.3416
365.355,5.34082
365.35,5.34003
365.344,5.33924
365.339,5.33845
365.334,5.33767
365.328,5.33688
365.323,5.33609
365.318,5.3353
365.313,5.33452
365.307,5.33373
365.302,5.33294
365.297,5.33215
365.291,5.33137
365.286,5.33058
365.281,5.32979
365.275,5.329
365.27,5.32821
365.265,5.32743
365.259,5.32664
365.254,5.32585
365.249,5.32506
365.243,5.32428
365.238,5.32349
365.233,5.3227
365.227,5.32191
365.222,5.32113
365.217,5.32034
365.211,5.31955
365.206,5.31876
365.201,5.31798
365.195,5.31719
365.19,5.3164
365.185,5.31561
365.179,5.31483
365.174,5.31404
365.168,5.31325
365.163,5.31246
365.158,5.31167
365.152,5.31089
365.147,5.3101
365.142,5.30931
365.136,5.30852
365.131,5.30774
365.126,5.30695
365.12,5.30616
365.115,5.30537
365.11,5.30459
365.104,5.3038
365.099,5.30301
365.094,5.30222
365.088,5.30144
365.083,5.30065
365.078,5.29986
365.072,5.29907
365.067,5.29829
365.061,5.2975
365.056,5.29671
365.051,5.29592
365.045,5.29513
365.04,5.29435
365.035,5.29356
365.029,5.29277
365.024,5.29198
365.019,5.2912
365.013,5.29041
365.008,5.28962
365.003,5.28883
364.997,5.28805
364.992,5.28726
364.986,5.28647
364.981,5.28568
364.976,5.2849
364.97,5.28411
364.965,5.28332
364.96,5.28253
364.954,5.28175
364.949,5.28096
364.943,5.28017
364.938,5.27938
364.933,5.2786
364.927,5.27781
364.922,5.27702
364.917,5.27623
364.911,5.27544
364.906,5.27466
364.9,5.27387
364.895,5.27308
364.89,5.27229
364.884,5.27151
364.879,5.27072
364.874,5.26993
364.868,5.26914
364.863,5.26836
364.857,5.26757
364.852,5.26678
364.847,5.26599
364.841,5.26521
364.836,5.26442
364.831,5.26363
364.825,5.26284
364.82,5.26206
364.814,5.26127
364.809,5.26048
364.804,5.25969
364.798,5.2589
364.793,5.25812
364.787,5.25733
364.782,5.25654
364.777,5.25575
364.771,5.25497
364.766,5.25418
364.761,5.25339
364.755,5.2526
364.75,5.25182
364.744,5.25103
364.739,5.25024
364.734,5.24945
364.728,5.24867
364.723,5.24788
364.717,5.24709
364.712,5.2463
364.707,5.24552
364.701,5.24473
364.696,5.24394
364.69,5.24315
364.685,5.24236
364.68,5.24158
364.674,5.24079
364.669,5.24
364.663,5.23921
364.658,5.23843
364.653,5.23764
364.647,5.23685
364.642,5.23606
364.636,5.23528
364.631,5.23449
364.626,5.2337
364.62,5.23291
364.615,5.23213
364.609,5.23134
364.604,5.23055
364.598,5.22976
364.593,5.22898
364.588,5.22819
364.582,5.2274
364.577,5.22661
364.571,5.22582
364.566,5.22504
364.561,5.22425
364.555,5.22346
364.55,5.22267
364.544,5.22189
364.539,5.2211
364.533,5.22031
364.528,5.21952
364.523,5.21874
364.517,5.21795
364.512,5.21716
364.506,5.21637
364.501,5.21559
364.496,5.2148
364.49,5.21401
364.485,5.21322
364.479,5.21244
364.474,5.21165
364.468,5.21086
364.463,5.21007
364.458,5.20928
364.452,5.2085
364.447,5.20771
364.441,5.20692
364.436,5.20613
364.43,5.20535
364.425,5.20456
364.419,5.20377
364.414,5.20298
364.409,5.2022
364.403,5.20141
364.398,5.20062
364.392,5.19983
364.387,5.19905
364.381,5.19826
364.376,5.19747
364.371,5.19668
364.365,5.1959
364.36,5.19511
364.354,5.19432
364.349,5.19353
364.343,5.19275
364.338,5.19196
364.332,5.19117
364.327,5.19038
364.322,5.18959
364.316,5.18881
364.311,5.18802
364.305,5.18723
364.3,5.18644
364.294,5.18566
364.289,5.18487
364.283,5.18408
364.278,5.18329
364.273,5.18251
364.267,5.18172
364.262,5.18093
364.256,5.18014
364.251,5.17936
364.245,5.17857
364.24,5.17778
364.234,5.17699
364.229,5.17621
364.223,5.17542
364.218,5.17463
364.213,5.17384
364.207,5.17305
364.202,5.17227
364.196,5.17148
364.191,5.17069
364.185,5.1699
364.18,5.16912
364.174,5.16833
364.169,5.16754
364.163,5.16675
364.158,5.16597
364.152,5.16518
364.147,5.16439
364.142,5.1636
364.136,5.16282
364.131,5.16203
364.125,5.16124
364.12,5.16045
364.114,5.15967
364.109,5.15888
364.103,5.15809
364.098,5.1573
364.092,5.15651
364.087,5.15573
364.081,5.15494
364.076,5.15415
364.07,5.15336
364.065,5.15258
364.059,5.15179
364.054,5.151
364.048,5.15021
364.043,5.14943
364.038,5.14864
364.032,5.14785
364.027,5.14706
364.021,5.14628
364.016,5.14549
364.01,5.1447
364.005,5.14391
363.999,5.14313
363.994,5.14234
363.988,5.14155
363.983,5.14076
363.977,5.13997
363.972,5.13919
363.966,5.1384
363.961,5.13761
363.955,5.13682
363.95,5.13604
363.944,5.13525
363.939,5.13446
363.933,5.13367
363.928,5.13289
363.922,5.1321
363.917,5.13131
363.911,5.13052
363.906,5.12974
363.9,5.12895
363.895,5.12816
363.889,5.12737
363.884,5.12659
363.878,5.1258
363.873,5.12501
363.867,5.12422
363.862,5.12343
363.856,5.12265
363.851,5.12186
363.845,5.12107
363.84,5.12028
363.834,5.1195
363.829,5.11871
363.823,5.11792
363.818,5.11713
363.812,5.11635
363.807,5.11556
363.801,5.11477
363.796,5.11398
363.79,5.1132
363.785,5.11241
363.779,5.11162
363.774,5.11083
363.768,5.11005
363.763,5.10926
363.757,5.10847
363.752,5.10768
363.746,5.1069
363.741,5.10611
363.735,5.10532
363.73,5.10453
363.724,5.10374
363.719,5.10296
363.713,5.10217
363.707,5.10138
363.702,5.10059
363.696,5.09981
363.691,5.09902
363.685,5.09823
363.68,5.09744
363.674,5.09666
363.669,5.09587
363.663,5.09508
363.658,5.09429
363.652,5.09351
363.647,5.09272
363.641,5.09193
363.636,5.09114
363.63,5.09036
363.625,5.08957
363.619,5.08878
363.614,5.08799
363.608,5.0872
363.602,5.08642
363.597,5.08563
363.591,5.08484
363.586,5.08405
363.58,5.08327
363.575,5.08248
363.569,5.08169
363.564,5.0809
363.558,5.08012
363.553,5.07933
363.547,5.07854
363.542,5.07775
363.536,5.07697
363.53,5.07618
363.525,5.07539
363.519,5.0746
363.514,5.07382
363.508,5.07303
363.503,5.07224
363.497,5.07145
363.492,5.07066
363.486,5.06988
363.481,5.06909
363.475,5.0683
363.469,5.06751
363.464,5.06673
363.458,5.06594
363.453,5.06515
363.447,5.06436
363.442,5.06358
363.436,5.06279
363.431,5.062
363.425,5.06121
363.419,5.06043
363.414,5.05964
363.408,5.05885
363.403,5.05806
363.397,5.05728
363.392,5.05649
363.386,5.0557
363.381,5.05491
363.375,5.05412
363.369,5.05334
363.364,5.05255
363.358,5.05176
363.353,5.05097
363.347,5.05019
363.342,5.0494
363.336,5.04861
363.33,5.04782
363.325,5.04704
363.319,5.04625
363.314,5.04546
363.308,5.04467
363.303,5.04389
363.297,5.0431
363.291,5.04231
363.286,5.04152
363.28,5.04074
363.275,5.03995
363.269,5.03916
363.264,5.03837
363.258,5.03758
363.252,5.0368
363.247,5.03601
363.241,5.03522
363.236,5.03443
363.23,5.03365
363.225,5.03286
363.219,5.03207
363.213,5.03128
363.208,5.0305
363.202,5.02971
363.197,5.02892
363.191,5.02813
363.185,5.02735
363.18,5.02656
363.174,5.02577
363.169,5.02498
363.163,5.0242
363.157,5.02341
363.152,5.02262
363.146,5.02183
363.141,5.02104
363.135,5.02026
363.13,5.01947
363.124,5.01868
363.118,5.01789
363.113,5.01711
363.107,5.01632
363.102,5.01553
363.096,5.01474
363.09,5.01396
363.085,5.01317
363.079,5.01238
363.074,5.01159
363.068,5.01081
363.062,5.01002
363.057,5.00923
363.051,5.00844
363.046,5.00766
363.04,5.00687
363.034,5.00608
363.029,5.00529
363.023,5.00451
363.018,5.00372
363.012,5.00293
363.006,5.00214
363.001,5.00135
362.995,5.00057
362.989,4.99978
362.984,4.99899
362.978,4.9982
362.973,4.99742
362.967,4.99663
362.961,4.99584
362.956,4.99505
362.95,4.99427
362.945,4.99348
362.939,4.99269
362.933,4.9919
362.928,4.99112
362.922,4.99033
362.916,4.98954
362.911,4.98875
362.905,4.98797
362.9,4.98718
362.894,4.98639
362.888,4.9856
362.883,4.98481
362.877,4.98403
362.871,4.98324
362.866,4.98245
362.86,4.98166
362.855,4.98088
362.849,4.98009
362.843,4.9793
362.838,4.97851
362.832,4.97773
362.826,4.97694
362.821,4.97615
362.815,4.97536
362.81,4.97458
362.804,4.97379
362.798,4.973
362.793,4.97221
362.787,4.97143
362.781,4.97064
362.776,4.96985
362.77,4.96906
362.764,4.96827
362.759,4.96749
362.753,4.9667
362.748,4.96591
362.742,4.96512
362.736,4.96434
362.731,4.96355
362.725,4.96276
362.719,4.96197
362.714,4.96119
362.708,4.9604
362.702,4.95961
362.697,4.95882
362.691,4.95804
362.685,4.95725
362.68,4.95646
362.674,4.95567
362.668,4.95489
362.663,4.9541
362.657,4.95331
362.652,4.95252
362.646,4.95173
362.64,4.95095
362.635,4.95016
362.629,4.94937
362.623,4.94858
362.618,4.9478
362.612,4.94701
362.606,4.94622
362.601,4.94543
362.595,4.94465
362.589,4.94386
362.584,4.94307
362.578,4.94228
362.572,4.9415
362.567,4.94071
362.561,4.93992
362.555,4.93913
362.55,4.93835
362.544,4.93756
362.538,4.93677
362.533,4.93598
362.527,4.93519
362.521,4.93441
362.516,4.93362
362.51,4.93283
362.504,4.93204
362.499,4.93126
362.493,4.93047
362.487,4.92968
362.482,4.92889
362.476,4.92811
362.47,4.92732
362.465,4.92653
362.459,4.92574
362.453,4.92496
362.448,4.92417
362.442,4.92338
362.436,4.92259
362.43,4.92181
362.425,4.92102
362.419,4.92023
362.413,4.91944
362.408,4.91866
362.402,4.91787
362.396,4.91708
362.391,4.91629
362.385,4.9155
362.379,4.91472
362.374,4.91393
362.368,4.91314
362.362,4.91235
362.357,4.91157
362.351,4.91078
362.345,4.90999
362.339,4.9092
362.334,4.90842
362.328,4.90763
362.322,4.90684
362.317,4.90605
362.311,4.90527
362.305,4.90448
362.3,4.90369
362.294,4.9029
362.288,4.90212
362.282,4.90133
362.277,4.90054
362.271,4.89975
362.265,4.89896
362.26,4.89818
362.254,4.89739
362.248,4.8966
362.243,4.89581
362.237,4.89503
362.231,4.89424
362.225,4.89345
362.22,4.89266
362.214,4.89188
362.208,4.89109
362.203,4.8903
362.197,4.88951
362.191,4.88873
362.185,4.88794
362.18,4.88715
362.174,4.88636
362.168,4.88558
362.163,4.88479
362.157,4.884
362.151,4.88321
362.145,4.88242
362.14,4.88164
362.134,4.88085
362.128,4.88006
362.123,4.87927
362.117,4.87849
362.111,4.8777
362.105,4.87691
362.1,4.87612
362.094,4.87534
362.088,4.87455
362.082,4.87376
362.077,4.87297
362.071,4.87219
362.065,4.8714
362.06,4.87061
362.054,4.86982
362.048,4.86904
362.042,4.86825
362.037,4.86746
362.031,4.86667
362.025,4.86588
362.019,4.8651
362.014,4.86431
362.008,4.86352
362.002,4.86273
361.996,4.86195
361.991,4.86116
361.985,4.86037
361.979,4.85958
361.974,4.8588
361.968,4.85801
361.962,4.85722
361.956,4.85643
361.951,4.85565
361.945,4.85486
361.939,4.85407
361.933,4.85328
361.928,4.8525
361.922,4.85171
361.916,4.85092
361.91,4.85013
361.905,4.84934
361.899,4.84856
361.893,4.84777
361.887,4.84698
361.882,4.84619
361.876,4.84541
361.87,4.84462
361.864,4.84383
361.859,4.84304
361.853,4.84226
361.847,4.84147
361.841,4.84068
361.835,4.83989
361.83,4.83911
361.824,4.83832
361.818,4.83753
361.812,4.83674
361.807,4.83596
361.801,4.83517
361.795,4.83438
361.789,4.83359
361.784,4.83281
361.778,4.83202
361.772,4.83123
361.766,4.83044
361.761,4.82965
361.755,4.82887
361.749,4.82808
361.743,4.82729
361.737,4.8265
361.732,4.82572
361.726,4.82493
361.72,4.82414
361.714,4.82335
361.709,4.82257
361.703,4.82178
361.697,4.82099
361.691,4.8202
361.685,4.81942
361.68,4.81863
361.674,4.81784
361.668,4.81705
361.662,4.81627
361.657,4.81548
361.651,4.81469
361.645,4.8139
361.639,4.81311
361.633,4.81233
361.628,4.81154
361.622,4.81075
361.616,4.80996
361.61,4.80918
361.604,4.80839
361.599,4.8076
361.593,4.80681
361.587,4.80603
361.581,4.80524
361.576,4.80445
361.57,4.80366
361.564,4.80288
361.558,4.80209
361.552,4.8013
361.547,4.80051
361.541,4.79973
361.535,4.79894
361.529,4.79815
361.523,4.79736
361.518,4.79657
361.512,4.79579
361.506,4.795
361.5,4.79421
361.494,4.79342
361.489,4.79264
361.483,4.79185
361.477,4.79106
361.471,4.79027
361.465,4.78949
361.46,4.7887
361.454,4.78791
361.448,4.78712
361.442,4.78634
361.436,4.78555
361.43,4.78476
361.425,4.78397
361.419,4.78319
361.413,4.7824
361.407,4.78161
361.401,4.78082
361.396,4.78003
361.39,4.77925
361.384,4.77846
361.378,4.77767
361.372,4.77688
361.366,4.7761
361.361,4.77531
361.355,4.77452
361.349,4.77373
361.343,4.77295
361.337,4.77216
361.332,4.77137
361.326,4.77058
361.32,4.7698
361.314,4.76901
361.308,4.76822
361.302,4.76743
361.297,4.76665
361.291,4.76586
361.285,4.76507
361.279,4.76428
361.273,4.76349
361.267,4.76271
361.262,4.76192
361.256,4.76113
361.25,4.76034
361.244,4.75956
361.238,4.75877
361.232,4.75798
361.227,4.75719
361.221,4.75641
361.215,4.75562
361.209,4.75483
361.203,4.75404
361.197,4.75326
361.191,4.75247
361.186,4.75168
361.18,4.75089
361.174,4.75011
361.168,4.74932
361.162,4.74853
361.156,4.74774
361.151,4.74695
361.145,4.74617
361.139,4.74538
361.133,4.74459
361.127,4.7438
361.121,4.74302
361.115,4.74223
361.11,4.74144
361.104,4.74065
361.098,4.73987
361.092,4.73908
361.086,4.73829
361.08,4.7375
361.074,4.73672
361.069,4.73593
361.063,4.73514
361.057,4.73435
361.051,4.73357
361.045,4.73278
361.039,4.73199
361.033,4.7312
361.027,4.73042
361.022,4.72963
361.016,4.72884
361.01,4.72805
361.004,4.72726
360.998,4.72648
360.992,4.72569
360.986,4.7249
360.981,4.72411
360.975,4.72333
360.969,4.72254
360.963,4.72175
360.957,4.72096
360.951,4.72018
360.945,4.71939
360.939,4.7186
360.934,4.71781
360.928,4.71703
360.922,4.71624
360.916,4.71545
360.91,4.71466
360.904,4.71388
360.898,4.71309
360.892,4.7123
360.886,4.71151
360.881,4.71072
360.875,4.70994
360.869,4.70915
360.863,4.70836
360.857,4.70757
360.851,4.70679
360.845,4.706
360.839,4.70521
360.833,4.70442
360.828,4.70364
360.822,4.70285
360.816,4.70206
360.81,4.70127
360.804,4.70049
360.798,4.6997
360.792,4.69891
360.786,4.69812
360.78,4.69734
360.774,4.69655
360.769,4.69576
360.763,4.69497
360.757,4.69418
360.751,4.6934
360.745,4.69261
360.739,4.69182
360.733,4.69103
360.727,4.69025
360.721,4.68946
360.715,4.68867
360.71,4.68788
360.704,4.6871
360.698,4.68631
360.692,4.68552
360.686,4.68473
360.68,4.68395
360.674,4.68316
360.668,4.68237
360.662,4.68158
360.656,4.6808
360.65,4.68001
360.644,4.67922
360.639,4.67843
360.633,4.67764
360.627,4.67686
360.621,4.67607
360.615,4.67528
360.609,4.67449
360.603,4.67371
360.597,4.67292
360.591,4.67213
360.585,4.67134
360.579,4.67056
360.573,4.66977
360.567,4.66898
360.562,4.66819
360.556,4.66741
360.55,4.66662
360.544,4.66583
360.538,4.66504
360.532,4.66426
360.526,4.66347
360.52,4.66268
360.514,4.66189
360.508,4.6611
360.502,4.66032
360.496,4.65953
360.49,4.65874
360.484,4.65795
360.478,4.65717
360.473,4.65638
360.467,4.65559
360.461,4.6548
360.455,4.65402
360.449,4.65323
360.443,4.65244
360.437,4.65165
360.431,4.65087
360.425,4.65008
360.419,4.64929
360.413,4.6485
360.407,4.64772
360.401,4.64693
360.395,4.64614
360.389,4.64535
360.383,4.64457
360.377,4.64378
360.371,4.64299
360.365,4.6422
360.359,4.64141
360.354,4.64063
360.348,4.63984
360.342,4.63905
360.336,4.63826
360.33,4.63748
360.324,4.63669
360.318,4.6359
360.312,4.63511
360.306,4.63433
360.3,4.63354
360.294,4.63275
360.288,4.63196
360.282,4.63118
360.276,4.63039
360.27,4.6296
360.264,4.62881
360.258,4.62803
360.252,4.62724
360.246,4.62645
360.24,4.62566
360.234,4.62487
360.228,4.62409
360.222,4.6233
360.216,4.62251
360.21,4.62172
360.204,4.62094
360.198,4.62015
360.192,4.61936
360.186,4.61857
360.18,4.61779
360.174,4.617
360.168,4.61621
360.162,4.61542
360.156,4.61464
360.15,4.61385
360.144,4.61306
360.138,4.61227
360.133,4.61149
360.127,4.6107
360.121,4.60991
360.115,4.60912
360.109,4.60833
360.103,4.60755
360.097,4.60676
360.091,4.60597
360.085,4.60518
360.079,4.6044
360.073,4.60361
360.067,4.60282
360.061,4.60203
360.055,4.60125
360.049,4.60046
360.043,4.59967
360.037,4.59888
360.031,4.5981
360.025,4.59731
360.019,4.59652
360.013,4.59573
360.007,4.59495
360.001,4.59416
359.995,4.59337
359.989,4.59258
359.983,4.59179
359.977,4.59101
359.971,4.59022
359.965,4.58943
359.958,4.58864
359.952,4.58786
359.946,4.58707
359.94,4.58628
359.934,4.58549
359.928,4.58471
359.922,4.58392
359.916,4.58313
359.91,4.58234
359.904,4.58156
359.898,4.58077
359.892,4.57998
359.886,4.57919
359.88,4.57841
359.874,4.57762
359.868,4.57683
359.862,4.57604
359.856,4.57525
359.85,4.57447
359.844,4.57368
359.838,4.57289
359.832,4.5721
359.826,4.57132
359.82,4.57053
359.814,4.56974
359.808,4.56895
359.802,4.56817
359.796,4.56738
359.79,4.56659
359.784,4.5658
359.778,4.56502
359.772,4.56423
359.766,4.56344
359.76,4.56265
359.754,4.56187
359.748,4.56108
359.742,4.56029
359.735,4.5595
359.729,4.55872
359.723,4.55793
359.717,4.55714
359.711,4.55635
359.705,4.55556
359.699,4.55478
359.693,4.55399
359.687,4.5532
359.681,4.55241
359.675,4.55163
359.669,4.55084
359.663,4.55005
359.657,4.54926
359.651,4.54848
359.645,4.54769
359.639,4.5469
359.633,4.54611
359.627,4.54533
359.62,4.54454
359.614,4.54375
359.608,4.54296
359.602,4.54218
359.596,4.54139
359.59,4.5406
359.584,4.53981
359.578,4.53902
359.572,4.53824
359.566,4.53745
359.56,4.53666
359.554,4.53587
359.548,4.53509
359.542,4.5343
359.536,4.53351
359.53,4.53272
359.523,4.53194
359.517,4.53115
359.511,4.53036
359.505,4.52957
359.499,4.52879
359.493,4.528
359.487,4.52721
359.481,4.52642
359.475,4.52564
359.469,4.52485
359.463,4.52406
359.457,4.52327
359.45,4.52248
359.444,4.5217
359.438,4.52091
359.432,4.52012
359.426,4.51933
359.42,4.51855
359.414,4.51776
359.408,4.51697
359.402,4.51618
359.396,4.5154
359.39,4.51461
359.384,4.51382
359.377,4.51303
359.371,4.51225
359.365,4.51146
359.359,4.51067
359.353,4.50988
359.347,4.5091
359.341,4.50831
359.335,4.50752
359.329,4.50673
359.323,4.50594
359.316,4.50516
359.31,4.50437
359.304,4.50358
359.298,4.50279
359.292,4.50201
359.286,4.50122
359.28,4.50043
359.274,4.49964
359.268,4.49886
359.262,4.49807
359.255,4.49728
359.249,4.49649
359.243,4.49571
359.237,4.49492
359.231,4.49413
359.225,4.49334
359.219,4.49256
359.213,4.49177
359.206,4.49098
359.2,4.49019
359.194,4.4894
359.188,4.48862
359.182,4.48783
359.176,4.48704
359.17,4.48625
359.164,4.48547
359.158,4.48468
359.151,4.48389
359.145,4.4831
359.139,4.48232
359.133,4.48153
359.127,4.48074
359.121,4.47995
359.115,4.47917
359.108,4.47838
359.102,4.47759
359.096,4.4768
359.09,4.47602
359.084,4.47523
359.078,4.47444
359.072,4.47365
359.066,4.47287
359.059,4.47208
359.053,4.47129
359.047,4.4705
359.041,4.46971
359.035,4.46893
359.029,4.46814
359.023,4.46735
359.016,4.46656
359.01,4.46578
359.004,4.46499
358.998,4.4642
358.992,4.46341
358.986,4.46263
358.98,4.46184
358.973,4.46105
358.967,4.46026
358.961,4.45948
358.955,4.45869
358.949,4.4579
358.943,4.45711
358.936,4.45633
358.93,4.45554
358.924,4.45475
358.918,4.45396
358.912,4.45317
358.906,4.45239
358.9,4.4516
358.893,4.45081
358.887,4.45002
358.881,4.44924
358.875,4.44845
358.869,4.44766
358.863,4.44687
358.856,4.44609
358.85,4.4453
358.844,4.44451
358.838,4.44372
358.832,4.44294
358.826,4.44215
358.819,4.44136
358.813,4.44057
358.807,4.43979
358.801,4.439
358.795,4.43821
358.788,4.43742
358.782,4.43663
358.776,4.43585
358.77,4.43506
358.764,4.43427
358.758,4.43348
358.751,4.4327
358.745,4.43191
358.739,4.43112
358.733,4.43033
358.727,4.42955
358.72,4.42876
358.714,4.42797
358.708,4.42718
358.702,4.4264
358.696,4.42561
358.69,4.42482
358.683,4.42403
358.677,4.42325
358.671,4.42246
358.665,4.42167
358.659,4.42088
358.652,4.42009
358.646,4.41931
358.64,4.41852
358.634,4.41773
358.628,4.41694
358.621,4.41616
358.615,4.41537
358.609,4.41458
358.603,4.41379
358.597,4.41301
358.59,4.41222
358.584,4.41143
358.578,4.41064
358.572,4.40986
358.566,4.40907
358.559,4.40828
358.553,4.40749
358.547,4.40671
358.541,4.40592
358.534,4.40513
358.528,4.40434
358.522,4.40355
358.516,4.40277
358.51,4.40198
358.503,4.40119
358.497,4.4004
358.491,4.39962
358.485,4.39883
358.479,4.39804
358.472,4.39725
358.466,4.39647
358.46,4.39568
358.454,4.39489
358.447,4.3941
358.441,4.39332
358.435,4.39253
358.429,4.39174
358.422,4.39095
358.416,4.39017
358.41,4.38938
358.404,4.38859
358.398,4.3878
358.391,4.38701
358.385,4.38623
358.379,4.38544
358.373,4.38465
358.366,4.38386
358.36,4.38308
358.354,4.38229
358.348,4.3815
358.341,4.38071
358.335,4.37993
358.329,4.37914
358.323,4.37835
358.316,4.37756
358.31,4.37678
358.304,4.37599
358.298,4.3752
358.291,4.37441
358.285,4.37363
358.279,4.37284
358.273,4.37205
358.266,4.37126
358.26,4.37048
358.254,4.36969
358.248,4.3689
358.241,4.36811
358.235,4.36732
358.229,4.36654
358.223,4.36575
358.216,4.36496
358.21,4.36417
358.204,4.36339
358.198,4.3626
358.191,4.36181
358.185,4.36102
358.179,4.36024
358.173,4.35945
358.166,4.35866
358.16,4.35787
358.154,4.35709
358.148,4.3563
358.141,4.35551
358.135,4.35472
358.129,4.35394
358.122,4.35315
358.116,4.35236
358.11,4.35157
358.104,4.35078
358.097,4.35
358.091,4.34921
358.085,4.34842
358.078,4.34763
358.072,4.34685
358.066,4.34606
358.06,4.34527
358.053,4.34448
358.047,4.3437
358.041,4.34291
358.035,4.34212
358.028,4.34133
358.022,4.34055
358.016,4.33976
358.009,4.33897
358.003,4.33818
357.997,4.3374
357.99,4.33661
357.984,4.33582
357.978,4.33503
357.972,4.33424
357.965,4.33346
357.959,4.33267
357.953,4.33188
357.946,4.33109
357.94,4.33031
357.934,4.32952
357.928,4.32873
357.921,4.32794
357.915,4.32716
357.909,4.32637
357.902,4.32558
357.896,4.32479
357.89,4.32401
357.883,4.32322
357.877,4.32243
357.871,4.32164
357.864,4.32086
357.858,4.32007
357.852,4.31928
357.846,4.31849
357.839,4.3177
357.833,4.31692
357.827,4.31613
357.82,4.31534
357.814,4.31455
357.808,4.31377
357.801,4.31298
357.795,4.31219
357.789,4.3114
357.782,4.31062
357.776,4.30983
357.77,4.30904
357.763,4.30825
357.757,4.30747
357.751,4.30668
357.744,4.30589
357.738,4.3051
357.732,4.30432
357.725,4.30353
357.719,4.30274
357.713,4.30195
357.706,4.30116
357.7,4.30038
357.694,4.29959
357.687,4.2988
357.681,4.29801
357.675,4.29723
357.668,4.29644
357.662,4.29565
357.656,4.29486
357.649,4.29408
357.643,4.29329
357.637,4.2925
357.63,4.29171
357.624,4.29093
357.618,4.29014
357.611,4.28935
357.605,4.28856
357.599,4.28778
357.592,4.28699
357.586,4.2862
357.58,4.28541
357.573,4.28463
357.567,4.28384
357.56,4.28305
357.554,4.28226
357.548,4.28147
357.541,4.28069
357.535,4.2799
357.529,4.27911
357.522,4.27832
357.516,4.27754
357.51,4.27675
357.503,4.27596
357.497,4.27517
357.49,4.27439
357.484,4.2736
357.478,4.27281
357.471,4.27202
357.465,4.27124
357.459,4.27045
357.452,4.26966
357.446,4.26887
357.44,4.26809
357.433,4.2673
357.427,4.26651
357.42,4.26572
357.414,4.26493
357.408,4.26415
357.401,4.26336
357.395,4.26257
357.389,4.26178
357.382,4.261
357.376,4.26021
357.369,4.25942
357.363,4.25863
357.357,4.25785
357.35,4.25706
357.344,4.25627
357.337,4.25548
357.331,4.2547
357.325,4.25391
357.318,4.25312
357.312,4.25233
357.305,4.25155
357.299,4.25076
357.293,4.24997
357.286,4.24918
357.28,4.24839
357.273,4.24761
357.267,4.24682
357.261,4.24603
357.254,4.24524
357.248,4.24446
357.241,4.24367
357.235,4.24288
357.229,4.24209
357.222,4.24131
357.216,4.24052
357.209,4.23973
357.203,4.23894
357.197,4.23816
357.19,4.23737
357.184,4.23658
357.177,4.23579
357.171,4.23501
357.165,4.23422
357.158,4.23343
357.152,4.23264
357.145,4.23185
357.139,4.23107
357.132,4.23028
357.126,4.22949
357.12,4.2287
357.113,4.22792
357.107,4.22713
357.1,4.22634
357.094,4.22555
357.088,4.22477
357.081,4.22398
357.075,4.22319
357.068,4.2224
357.062,4.22162
357.055,4.22083
357.049,4.22004
357.043,4.21925
357.036,4.21847
357.03,4.21768
357.023,4.21689
357.017,4.2161
357.01,4.21531
357.004,4.21453
356.997,4.21374
356.991,4.21295
356.985,4.21216
356.978,4.21138
356.972,4.21059
356.965,4.2098
356.959,4.20901
356.952,4.20823
356.946,4.20744
356.939,4.20665
356.933,4.20586
356.927,4.20508
356.92,4.20429
356.914,4.2035
356.907,4.20271
356.901,4.20193
356.894,4.20114
356.888,4.20035
356.881,4.19956
356.875,4.19878
356.868,4.19799
356.862,4.1972
356.856,4.19641
356.849,4.19562
356.843,4.19484
356.836,4.19405
356.83,4.19326
356.823,4.19247
356.817,4.19169
356.81,4.1909
356.804,4.19011
356.797,4.18932
356.791,4.18854
356.784,4.18775
356.778,4.18696
356.771,4.18617
356.765,4.18539
356.758,4.1846
356.752,4.18381
356.746,4.18302
356.739,4.18224
356.733,4.18145
356.726,4.18066
356.72,4.17987
356.713,4.17908
356.707,4.1783
356.7,4.17751
356.694,4.17672
356.687,4.17593
356.681,4.17515
356.674,4.17436
356.668,4.17357
356.661,4.17278
356.655,4.172
356.648,4.17121
356.642,4.17042
356.635,4.16963
356.629,4.16885
356.622,4.16806
356.616,4.16727
356.609,4.16648
356.603,4.1657
356.596,4.16491
356.59,4.16412
356.583,4.16333
356.577,4.16254
356.57,4.16176
356.564,4.16097
356.557,4.16018
356.551,4.15939
356.544,4.15861
356.538,4.15782
356.531,4.15703
356.525,4.15624
356.518,4.15546
356.512,4.15467
356.505,4.15388
356.499,4.15309
356.492,4.15231
356.486,4.15152
356.479,4.15073
356.473,4.14994
356.466,4.14916
356.46,4.14837
356.453,4.14758
356.446,4.14679
356.44,4.146
356.433,4.14522
356.427,4.14443
356.42,4.14364
356.414,4.14285
356.407,4.14207
356.401,4.14128
356.394,4.14049
356.388,4.1397
356.381,4.13892
356.375,4.13813
356.368,4.13734
356.362,4.13655
356.355,4.13577
356.349,4.13498
356.342,4.13419
356.335,4.1334
356.329,4.13262
356.322,4.13183
356.316,4.13104
356.309,4.13025
356.303,4.12946
356.296,4.12868
356.29,4.12789
356.283,4.1271
356.277,4.12631
356.27,4.12553
356.263,4.12474
356.257,4.12395
356.25,4.12316
356.244,4.12238
356.237,4.12159
356.231,4.1208
356.224,4.12001
356.218,4.11923
356.211,4.11844
356.204,4.11765
356.198,4.11686
356.191,4.11608
356.185,4.11529
356.178,4.1145
356.172,4.11371
356.165,4.11293
356.158,4.11214
356.152,4.11135
356.145,4.11056
356.139,4.10977
356.132,4.10899
356.126,4.1082
356.119,4.10741
356.112,4.10662
356.106,4.10584
356.099,4.10505
356.093,4.10426
356.086,4.10347
356.08,4.10269
356.073,4.1019
356.066,4.10111
356.06,4.10032
356.053,4.09954
356.047,4.09875
356.04,4.09796
356.033,4.09717
356.027,4.09639
356.02,4.0956
356.014,4.09481
356.007,4.09402
356.001,4.09323
355.994,4.09245
355.987,4.09166
355.981,4.09087
355.974,4.09008
355.968,4.0893
355.961,4.08851
355.954,4.08772
355.948,4.08693
355.941,4.08615
355.935,4.08536
355.928,4.08457
355.921,4.08378
355.915,4.083
355.908,4.08221
355.902,4.08142
355.895,4.08063
355.888,4.07985
355.882,4.07906
355.875,4.07827
355.868,4.07748
355.862,4.07669
355.855,4.07591
355.849,4.07512
355.842,4.07433
355.835,4.07354
355.829,4.07276
355.822,4.07197
355.816,4.07118
355.809,4.07039
355.802,4.06961
355.796,4.06882
355.789,4.06803
355.782,4.06724
355.776,4.06646
355.769,4.06567
355.763,4.06488
355.756,4.06409
355.749,4.06331
355.743,4.06252
355.736,4.06173
355.729,4.06094
355.723,4.06015
355.716,4.05937
355.709,4.05858
355.703,4.05779
355.696,4.057
355.69,4.05622
355.683,4.05543
355.676,4.05464
355.67,4.05385
355.663,4.05307
355.656,4.05228
355.65,4.05149
355.643,4.0507
355.636,4.04992
355.63,4.04913
355.623,4.04834
355.616,4.04755
355.61,4.04677
355.603,4.04598
355.596,4.04519
355.59,4.0444
355.583,4.04361
355.576,4.04283
355.57,4.04204
355.563,4.04125
355.556,4.04046
355.55,4.03968
355.543,4.03889
355.536,4.0381
355.53,4.03731
355.523,4.03653
355.516,4.03574
355.51,4.03495
355.503,4.03416
355.496,4.03338
355.49,4.03259
355.483,4.0318
355.476,4.03101
355.47,4.03023
355.463,4.02944
355.456,4.02865
355.45,4.02786
355.443,4.02707
355.436,4.02629
355.43,4.0255
355.423,4.02471
355.416,4.02392
355.41,4.02314
355.403,4.02235
355.396,4.02156
355.39,4.02077
355.383,4.01999
355.376,4.0192
355.37,4.01841
355.363,4.01762
355.356,4.01684
355.349,4.01605
355.343,4.01526
355.336,4.01447
355.329,4.01369
355.323,4.0129
355.316,4.01211
355.309,4.01132
355.303,4.01054
355.296,4.00975
355.289,4.00896
355.282,4.00817
355.276,4.00738
355.269,4.0066
355.262,4.00581
355.256,4.00502
355.249,4.00423
355.242,4.00345
355.235,4.00266
355.229,4.00187
355.222,4.00108
355.215,4.0003
355.209,3.99951
355.202,3.99872
355.195,3.99793
355.188,3.99715
355.182,3.99636
355.175,3.99557
355.168,3.99478
355.162,3.994
355.155,3.99321
355.148,3.99242
355.141,3.99163
355.135,3.99084
355.128,3.99006
355.121,3.98927
355.114,3.98848
355.108,3.98769
355.101,3.98691
355.094,3.98612
355.088,3.98533
355.081,3.98454
355.074,3.98376
355.067,3.98297
355.061,3.98218
355.054,3.98139
355.047,3.98061
355.04,3.97982
355.034,3.97903
355.027,3.97824
355.02,3.97746
355.013,3.97667
355.007,3.97588
355,3.97509
354.993,3.9743
354.986,3.97352
354.98,3.97273
354.973,3.97194
354.966,3.97115
354.959,3.97037
354.953,3.96958
354.946,3.96879
354.939,3.968
354.932,3.96722
354.926,3.96643
354.919,3.96564
354.912,3.96485
354.905,3.96407
354.898,3.96328
354.892,3.96249
354.885,3.9617
354.878,3.96092
354.871,3.96013
354.865,3.95934
354.858,3.95855
354.851,3.95776
354.844,3.95698
354.838,3.95619
354.831,3.9554
354.824,3.95461
354.817,3.95383
354.81,3.95304
354.804,3.95225
354.797,3.95146
354.79,3.95068
354.783,3.94989
354.776,3.9491
354.77,3.94831
354.763,3.94753
354.756,3.94674
354.749,3.94595
354.743,3.94516
354.736,3.94438
354.729,3.94359
354.722,3.9428
354.715,3.94201
354.709,3.94122
354.702,3.94044
354.695,3.93965
354.688,3.93886
354.681,3.93807
354.675,3.93729
354.668,3.9365
354.661,3.93571
354.654,3.93492
354.647,3.93414
354.641,3.93335
354.634,3.93256
354.627,3.93177
354.62,3.93099
354.613,3.9302
354.606,3.92941
354.6,3.92862
354.593,3.92784
354.586,3.92705
354.579,3.92626
354.572,3.92547
354.566,3.92469
354.559,3.9239
354.552,3.92311
354.545,3.92232
354.538,3.92153
354.531,3.92075
354.525,3.91996
354.518,3.91917
354.511,3.91838
354.504,3.9176
354.497,3.91681
354.49,3.91602
354.484,3.91523
354.477,3.91445
354.47,3.91366
354.463,3.91287
354.456,3.91208
354.449,3.9113
354.443,3.91051
354.436,3.90972
354.429,3.90893
354.422,3.90815
354.415,3.90736
354.408,3.90657
354.402,3.90578
354.395,3.90499
354.388,3.90421
354.381,3.90342
354.374,3.90263
354.367,3.90184
354.36,3.90106
354.354,3.90027
354.347,3.89948
354.34,3.89869
354.333,3.89791
354.326,3.89712
354.319,3.89633
354.312,3.89554
354.306,3.89476
354.299,3.89397
354.292,3.89318
354.285,3.89239
354.278,3.89161
354.271,3.89082
354.264,3.89003
354.258,3.88924
354.251,3.88845
354.244,3.88767
354.237,3.88688
354.23,3.88609
354.223,3.8853
354.216,3.88452
354.209,3.88373
354.203,3.88294
354.196,3.88215
354.189,3.88137
354.182,3.88058
354.175,3.87979
354.168,3.879
354.161,3.87822
354.154,3.87743
354.147,3.87664
354.141,3.87585
354.134,3.87507
354.127,3.87428
354.12,3.87349
354.113,3.8727
354.106,3.87191
354.099,3.87113
354.092,3.87034
354.085,3.86955
354.078,3.86876
354.072,3.86798
354.065,3.86719
354.058,3.8664
354.051,3.86561
354.044,3.86483
354.037,3.86404
354.03,3.86325
354.023,3.86246
354.016,3.86168
354.009,3.86089
354.003,3.8601
353.996,3.85931
353.989,3.85853
353.982,3.85774
353.975,3.85695
353.968,3.85616
353.961,3.85537
353.954,3.85459
353.947,3.8538
353.94,3.85301
353.933,3.85222
353.926,3.85144
353.919,3.85065
353.913,3.84986
353.906,3.84907
353.899,3.84829
353.892,3.8475
353.885,3.84671
353.878,3.84592
353.871,3.84514
353.864,3.84435
353.857,3.84356
353.85,3.84277
353.843,3.84199
353.836,3.8412
353.829,3.84041
353.822,3.83962
353.815,3.83884
353.809,3.83805
353.802,3.83726
353.795,3.83647
353.788,3.83568
353.781,3.8349
353.774,3.83411
353.767,3.83332
353.76,3.83253
353.753,3.83175
353.746,3.83096
353.739,3.83017
353.732,3.82938
353.725,3.8286
353.718,3.82781
353.711,3.82702
353.704,3.82623
353.697,3.82545
353.69,3.82466
353.683,3.82387
353.676,3.82308
353.669,3.8223
353.662,3.82151
353.655,3.82072
353.648,3.81993
353.642,3.81914
353.635,3.81836
353.628,3.81757
353.621,3.81678
353.614,3.81599
353.607,3.81521
353.6,3.81442
353.593,3.81363
353.586,3.81284
353.579,3.81206
353.572,3.81127
353.565,3.81048
353.558,3.80969
353.551,3.80891
353.544,3.80812
353.537,3.80733
353.53,3.80654
353.523,3.80576
353.516,3.80497
353.509,3.80418
353.502,3.80339
353.495,3.8026
353.488,3.80182
353.481,3.80103
353.474,3.80024
353.467,3.79945
353.46,3.79867
353.453,3.79788
353.446,3.79709
353.439,3.7963
353.432,3.79552
353.425,3.79473
353.418,3.79394
353.411,3.79315
353.404,3.79237
353.397,3.79158
353.39,3.79079
353.383,3.79
353.376,3.78922
353.369,3.78843
353.362,3.78764
353.355,3.78685
353.348,3.78606
353.341,3.78528
353.334,3.78449
353.327,3.7837
353.32,3.78291
353.312,3.78213
353.305,3.78134
353.298,3.78055
353.291,3.77976
353.284,3.77898
353.277,3.77819
353.27,3.7774
353.263,3.77661
353.256,3.77583
353.249,3.77504
353.242,3.77425
353.235,3.77346
353.228,3.77268
353.221,3.77189
353.214,3.7711
353.207,3.77031
353.2,3.76952
353.193,3.76874
353.186,3.76795
353.179,3.76716
353.172,3.76637
353.165,3.76559
353.158,3.7648
353.151,3.76401
353.143,3.76322
353.136,3.76244
353.129,3.76165
353.122,3.76086
353.115,3.76007
353.108,3.75929
353.101,3.7585
353.094,3.75771
353.087,3.75692
353.08,3.75614
353.073,3.75535
353.066,3.75456
353.059,3.75377
353.052,3.75298
353.045,3.7522
353.037,3.75141
353.03,3.75062
353.023,3.74983
353.016,3.74905
353.009,3.74826
353.002,3.74747
352.995,3.74668
352.988,3.7459
352.981,3.74511
352.974,3.74432
352.967,3.74353
352.96,3.74275
352.953,3.74196
352.945,3.74117
352.938,3.74038
352.931,3.7396
352.924,3.73881
352.917,3.73802
352.91,3.73723
352.903,3.73645
352.896,3.73566
352.889,3.73487
352.882,3.73408
352.874,3.73329
352.867,3.73251
352.86,3.73172
352.853,3.73093
352.846,3.73014
352.839,3.72936
352.832,3.72857
352.825,3.72778
352.818,3.72699
352.81,3.72621
352.803,3.72542
352.796,3.72463
352.789,3.72384
352.782,3.72306
352.775,3.72227
352.768,3.72148
352.761,3.72069
352.754,3.71991
352.746,3.71912
352.739,3.71833
352.732,3.71754
352.725,3.71675
352.718,3.71597
352.711,3.71518
352.704,3.71439
352.697,3.7136
352.689,3.71282
352.682,3.71203
352.675,3.71124
352.668,3.71045
352.661,3.70967
352.654,3.70888
352.647,3.70809
352.639,3.7073
352.632,3.70652
352.625,3.70573
352.618,3.70494
352.611,3.70415
352.604,3.70337
352.597,3.70258
352.589,3.70179
352.582,3.701
352.575,3.70021
352.568,3.69943
352.561,3.69864
352.554,3.69785
352.546,3.69706
352.539,3.69628
352.532,3.69549
352.525,3.6947
352.518,3.69391
352.511,3.69313
352.503,3.69234
352.496,3.69155
352.489,3.69076
352.482,3.68998
352.475,3.68919
352.468,3.6884
352.46,3.68761
352.453,3.68683
352.446,3.68604
352.439,3.68525
352.432,3.68446
352.425,3.68367
352.417,3.68289
352.41,3.6821
352.403,3.68131
352.396,3.68052
352.389,3.67974
352.381,3.67895
352.374,3.67816
352.367,3.67737
352.36,3.67659
352.353,3.6758
352.346,3.67501
352.338,3.67422
352.331,3.67344
352.324,3.67265
352.317,3.67186
352.31,3.67107
352.302,3.67029
352.295,3.6695
352.288,3.66871
352.281,3.66792
352.274,3.66713
352.266,3.66635
352.259,3.66556
352.252,3.66477
352.245,3.66398
352.238,3.6632
352.23,3.66241
352.223,3.66162
352.216,3.66083
352.209,3.66005
352.201,3.65926
352.194,3.65847
352.187,3.65768
352.18,3.6569
352.173,3.65611
352.165,3.65532
352.158,3.65453
352.151,3.65375
352.144,3.65296
352.136,3.65217
352.129,3.65138
352.122,3.6506
352.115,3.64981
352.107,3.64902
352.1,3.64823
352.093,3.64744
352.086,3.64666
352.079,3.64587
352.071,3.64508
352.064,3.64429
352.057,3.64351
352.05,3.64272
352.042,3.64193
352.035,3.64114
352.028,3.64036
352.021,3.63957
352.013,3.63878
352.006,3.63799
351.999,3.63721
351.992,3.63642
351.984,3.63563
351.977,3.63484
351.97,3.63406
351.963,3.63327
351.955,3.63248
351.948,3.63169
351.941,3.6309
351.933,3.63012
351.926,3.62933
351.919,3.62854
351.912,3.62775
351.904,3.62697
351.897,3.62618
351.89,3.62539
351.883,3.6246
351.875,3.62382
351.868,3.62303
351.861,3.62224
351.853,3.62145
351.846,3.62067
351.839,3.61988
351.832,3.61909
351.824,3.6183
351.817,3.61752
351.81,3.61673
351.802,3.61594
351.795,3.61515
351.788,3.61436
351.781,3.61358
351.773,3.61279
351.766,3.612
351.759,3.61121
351.751,3.61043
351.744,3.60964
351.737,3.60885
351.73,3.60806
351.722,3.60728
351.715,3.60649
351.708,3.6057
351.7,3.60491
351.693,3.60413
351.686,3.60334
351.678,3.60255
351.671,3.60176
351.664,3.60098
351.656,3.60019
351.649,3.5994
351.642,3.59861
351.635,3.59782
351.627,3.59704
351.62,3.59625
351.613,3.59546
351.605,3.59467
351.598,3.59389
351.591,3.5931
351.583,3.59231
351.576,3.59152
351.569,3.59074
351.561,3.58995
351.554,3.58916
351.547,3.58837
351.539,3.58759
351.532,3.5868
351.525,3.58601
351.517,3.58522
351.51,3.58444
351.503,3.58365
351.495,3.58286
351.488,3.58207
351.481,3.58128
351.473,3.5805
351.466,3.57971
351.459,3.57892
351.451,3.57813
351.444,3.57735
351.436,3.57656
351.429,3.57577
351.422,3.57498
351.414,3.5742
351.407,3.57341
351.4,3.57262
351.392,3.57183
351.385,3.57105
351.378,3.57026
351.37,3.56947
351.363,3.56868
351.355,3.5679
351.348,3.56711
351.341,3.56632
351.333,3.56553
351.326,3.56475
351.319,3.56396
351.311,3.56317
351.304,3.56238
351.297,3.56159
351.289,3.56081
351.282,3.56002
351.274,3.55923
351.267,3.55844
351.26,3.55766
351.252,3.55687
351.245,3.55608
351.237,3.55529
351.23,3.55451
351.223,3.55372
351.215,3.55293
351.208,3.55214
351.2,3.55136
351.193,3.55057
351.186,3.54978
351.178,3.54899
351.171,3.54821
351.163,3.54742
351.156,3.54663
351.149,3.54584
351.141,3.54505
351.134,3.54427
351.126,3.54348
351.119,3.54269
351.112,3.5419
351.104,3.54112
351.097,3.54033
351.089,3.53954
351.082,3.53875
351.075,3.53797
351.067,3.53718
351.06,3.53639
351.052,3.5356
351.045,3.53482
351.037,3.53403
351.03,3.53324
351.023,3.53245
351.015,3.53167
351.008,3.53088
351,3.53009
350.993,3.5293
350.985,3.52851
350.978,3.52773
350.971,3.52694
350.963,3.52615
350.956,3.52536
350.948,3.52458
350.941,3.52379
350.933,3.523
350.926,3.52221
350.918,3.52143
350.911,3.52064
350.904,3.51985
350.896,3.51906
350.889,3.51828
350.881,3.51749
350.874,3.5167
350.866,3.51591
350.859,3.51513
350.851,3.51434
350.844,3.51355
350.836,3.51276
350.829,3.51197
350.822,3.51119
350.814,3.5104
350.807,3.50961
350.799,3.50882
350.792,3.50804
350.784,3.50725
350.777,3.50646
350.769,3.50567
350.762,3.50489
350.754,3.5041
350.747,3.50331
350.739,3.50252
350.732,3.50174
350.724,3.50095
350.717,3.50016
350.709,3.49937
350.702,3.49859
350.694,3.4978
350.687,3.49701
350.68,3.49622
350.672,3.49543
350.665,3.49465
350.657,3.49386
350.65,3.49307
350.642,3.49228
350.635,3.4915
350.627,3.49071
350.62,3.48992
350.612,3.48913
350.605,3.48835
350.597,3.48756
350.59,3.48677
350.582,3.48598
350.575,3.4852
350.567,3.48441
350.559,3.48362
350.552,3.48283
350.544,3.48205
350.537,3.48126
350.529,3.48047
350.522,3.47968
350.514,3.4789
350.507,3.47811
350.499,3.47732
350.492,3.47653
350.484,3.47574
350.477,3.47496
350.469,3.47417
350.462,3.47338
350.454,3.47259
350.447,3.47181
350.439,3.47102
350.432,3.47023
350.424,3.46944
350.417,3.46866
350.409,3.46787
350.401,3.46708
350.394,3.46629
350.386,3.46551
350.379,3.46472
350.371,3.46393
350.364,3.46314
350.356,3.46236
350.349,3.46157
350.341,3.46078
350.334,3.45999
350.326,3.4592
350.318,3.45842
350.311,3.45763
350.303,3.45684
350.296,3.45605
350.288,3.45527
350.281,3.45448
350.273,3.45369
350.265,3.4529
350.258,3.45212
350.25,3.45133
350.243,3.45054
350.235,3.44975
350.228,3.44897
350.22,3.44818
350.212,3.44739
350.205,3.4466
350.197,3.44582
350.19,3.44503
350.182,3.44424
350.175,3.44345
350.167,3.44266
350.159,3.44188
350.152,3.44109
350.144,3.4403
350.137,3.43951
350.129,3.43873
350.121,3.43794
350.114,3.43715
350.106,3.43636
350.099,3.43558
350.091,3.43479
350.083,3.434
350.076,3.43321
350.068,3.43243
350.061,3.43164
350.053,3.43085
350.045,3.43006
350.038,3.42928
350.03,3.42849
350.023,3.4277
350.015,3.42691
350.007,3.42612
350,3.42534
349.992,3.42455
349.985,3.42376
349.977,3.42297
349.969,3.42219
349.962,3.4214
349.954,3.42061
349.946,3.41982
349.939,3.41904
349.931,3.41825
349.924,3.41746
349.916,3.41667
349.908,3.41589
349.901,3.4151
349.893,3.41431
349.885,3.41352
349.878,3.41274
349.87,3.41195
349.862,3.41116
349.855,3.41037
349.847,3.40958
349.84,3.4088
349.832,3.40801
349.824,3.40722
349.817,3.40643
349.809,3.40565
349.801,3.40486
349.794,3.40407
349.786,3.40328
349.778,3.4025
349.771,3.40171
349.763,3.40092
349.755,3.40013
349.748,3.39935
349.74,3.39856
349.732,3.39777
349.725,3.39698
349.717,3.3962
349.709,3.39541
349.702,3.39462
349.694,3.39383
349.686,3.39304
349.679,3.39226
349.671,3.39147
349.663,3.39068
349.656,3.38989
349.648,3.38911
349.64,3.38832
349.633,3.38753
349.625,3.38674
349.617,3.38596
349.61,3.38517
349.602,3.38438
349.594,3.38359
349.586,3.38281
349.579,3.38202
349.571,3.38123
349.563,3.38044
349.556,3.37966
349.548,3.37887
349.54,3.37808
349.533,3.37729
349.525,3.37651
349.517,3.37572
349.509,3.37493
349.502,3.37414
349.494,3.37335
349.486,3.37257
349.479,3.37178
349.471,3.37099
349.463,3.3702
349.455,3.36942
349.448,3.36863
349.44,3.36784
349.432,3.36705
349.425,3.36627
349.417,3.36548
349.409,3.36469
349.401,3.3639
349.394,3.36312
349.386,3.36233
349.378,3.36154
349.371,3.36075
349.363,3.35997
349.355,3.35918
349.347,3.35839
349.34,3.3576
349.332,3.35681
349.324,3.35603
349.316,3.35524
349.309,3.35445
349.301,3.35366
349.293,3.35288
349.285,3.35209
349.278,3.3513
349.27,3.35051
349.262,3.34973
349.254,3.34894
349.247,3.34815
349.239,3.34736
349.231,3.34658
349.223,3.34579
349.216,3.345
349.208,3.34421
349.2,3.34343
349.192,3.34264
349.184,3.34185
349.177,3.34106
349.169,3.34027
349.161,3.33949
349.153,3.3387
349.146,3.33791
349.138,3.33712
349.13,3.33634
349.122,3.33555
349.114,3.33476
349.107,3.33397
349.099,3.33319
349.091,3.3324
349.083,3.33161
349.076,3.33082
349.068,3.33004
349.06,3.32925
349.052,3.32846
349.044,3.32767
349.037,3.32689
349.029,3.3261
349.021,3.32531
349.013,3.32452
349.005,3.32373
348.998,3.32295
348.99,3.32216
348.982,3.32137
348.974,3.32058
348.966,3.3198
348.959,3.31901
348.951,3.31822
348.943,3.31743
348.935,3.31665
348.927,3.31586
348.919,3.31507
348.912,3.31428
348.904,3.3135
348.896,3.31271
348.888,3.31192
348.88,3.31113
348.872,3.31035
348.865,3.30956
348.857,3.30877
348.849,3.30798
348.841,3.30719
348.833,3.30641
348.825,3.30562
348.818,3.30483
348.81,3.30404
348.802,3.30326
348.794,3.30247
348.786,3.30168
348.778,3.30089
348.771,3.30011
348.763,3.29932
348.755,3.29853
348.747,3.29774
348.739,3.29696
348.731,3.29617
348.723,3.29538
348.716,3.29459
348.708,3.29381
348.7,3.29302
348.692,3.29223
348.684,3.29144
348.676,3.29066
348.668,3.28987
348.661,3.28908
348.653,3.28829
348.645,3.2875
348.637,3.28672
348.629,3.28593
348.621,3.28514
348.613,3.28435
348.605,3.28357
348.598,3.28278
348.59,3.28199
348.582,3.2812
348.574,3.28042
348.566,3.27963
348.558,3.27884
348.55,3.27805
348.542,3.27727
348.534,3.27648
348.527,3.27569
348.519,3.2749
348.511,3.27412
348.503,3.27333
348.495,3.27254
348.487,3.27175
348.479,3.27096
348.471,3.27018
348.463,3.26939
348.455,3.2686
348.447,3.26781
348.44,3.26703
348.432,3.26624
348.424,3.26545
348.416,3.26466
348.408,3.26388
348.4,3.26309
348.392,3.2623
348.384,3.26151
348.376,3.26073
348.368,3.25994
348.36,3.25915
348.352,3.25836
348.345,3.25758
348.337,3.25679
348.329,3.256
348.321,3.25521
348.313,3.25442
348.305,3.25364
348.297,3.25285
348.289,3.25206
348.281,3.25127
348.273,3.25049
348.265,3.2497
348.257,3.24891
348.249,3.24812
348.241,3.24734
348.233,3.24655
348.225,3.24576
348.217,3.24497
348.209,3.24419
348.201,3.2434
348.194,3.24261
348.186,3.24182
348.178,3.24104
348.17,3.24025
348.162,3.23946
348.154,3.23867
348.146,3.23788
348.138,3.2371
348.13,3.23631
348.122,3.23552
348.114,3.23473
348.106,3.23395
348.098,3.23316
348.09,3.23237
348.082,3.23158
348.074,3.2308
348.066,3.23001
348.058,3.22922
348.05,3.22843
348.042,3.22765
348.034,3.22686
348.026,3.22607
348.018,3.22528
348.01,3.2245
348.002,3.22371
347.994,3.22292
347.986,3.22213
347.978,3.22134
347.97,3.22056
347.962,3.21977
347.954,3.21898
347.946,3.21819
347.938,3.21741
347.93,3.21662
347.922,3.21583
347.914,3.21504
347.906,3.21426
347.898,3.21347
347.89,3.21268
347.882,3.21189
347.874,3.21111
347.866,3.21032
347.858,3.20953
347.85,3.20874
347.842,3.20796
347.834,3.20717
347.826,3.20638
347.818,3.20559
347.81,3.20481
347.801,3.20402
347.793,3.20323
347.785,3.20244
347.777,3.20165
347.769,3.20087
347.761,3.20008
347.753,3.19929
347.745,3.1985
347.737,3.19772
347.729,3.19693
347.721,3.19614
347.713,3.19535
347.705,3.19457
347.697,3.19378
347.689,3.19299
347.681,3.1922
347.673,3.19142
347.665,3.19063
347.657,3.18984
347.648,3.18905
347.64,3.18827
347.632,3.18748
347.624,3.18669
347.616,3.1859
347.608,3.18511
347.6,3.18433
347.592,3.18354
347.584,3.18275
347.576,3.18196
347.568,3.18118
347.56,3.18039
347.551,3.1796
347.543,3.17881
347.535,3.17803
347.527,3.17724
347.519,3.17645
347.511,3.17566
347.503,3.17488
347.495,3.17409
347.487,3.1733
347.479,3.17251
347.47,3.17173
347.462,3.17094
347.454,3.17015
347.446,3.16936
347.438,3.16857
347.43,3.16779
347.422,3.167
347.414,3.16621
347.406,3.16542
347.397,3.16464
347.389,3.16385
347.381,3.16306
347.373,3.16227
347.365,3.16149
347.357,3.1607
347.349,3.15991
347.341,3.15912
347.332,3.15834
347.324,3.15755
347.316,3.15676
347.308,3.15597
347.3,3.15519
347.292,3.1544
347.284,3.15361
347.275,3.15282
347.267,3.15203
347.259,3.15125
347.251,3.15046
347.243,3.14967
347.235,3.14888
347.227,3.1481
347.218,3.14731
347.21,3.14652
347.202,3.14573
347.194,3.14495
347.186,3.14416
347.178,3.14337
347.169,3.14258
347.161,3.1418
347.153,3.14101
347.145,3.14022
347.137,3.13943
347.129,3.13865
347.12,3.13786
347.112,3.13707
347.104,3.13628
347.096,3.13549
347.088,3.13471
347.08,3.13392
347.071,3.13313
347.063,3.13234
347.055,3.13156
347.047,3.13077
347.039,3.12998
347.03,3.12919
347.022,3.12841
347.014,3.12762
347.006,3.12683
346.998,3.12604
346.989,3.12526
346.981,3.12447
346.973,3.12368
346.965,3.12289
346.957,3.12211
346.948,3.12132
346.94,3.12053
346.932,3.11974
346.924,3.11895
346.915,3.11817
346.907,3.11738
346.899,3.11659
346.891,3.1158
346.883,3.11502
346.874,3.11423
346.866,3.11344
346.858,3.11265
346.85,3.11187
346.841,3.11108
346.833,3.11029
346.825,3.1095
346.817,3.10872
346.808,3.10793
346.8,3.10714
346.792,3.10635
346.784,3.10557
346.775,3.10478
346.767,3.10399
346.759,3.1032
346.751,3.10242
346.742,3.10163
346.734,3.10084
346.726,3.10005
346.718,3.09926
346.709,3.09848
346.701,3.09769
346.693,3.0969
346.685,3.09611
346.676,3.09533
346.668,3.09454
346.66,3.09375
346.652,3.09296
346.643,3.09218
346.635,3.09139
346.627,3.0906
346.618,3.08981
346.61,3.08903
346.602,3.08824
346.594,3.08745
346.585,3.08666
346.577,3.08588
346.569,3.08509
346.56,3.0843
346.552,3.08351
346.544,3.08272
346.536,3.08194
346.527,3.08115
346.519,3.08036
346.511,3.07957
346.502,3.07879
346.494,3.078
346.486,3.07721
346.477,3.07642
346.469,3.07564
346.461,3.07485
346.453,3.07406
346.444,3.07327
346.436,3.07249
346.428,3.0717
346.419,3.07091
346.411,3.07012
346.403,3.06934
346.394,3.06855
346.386,3.06776
346.378,3.06697
346.369,3.06618
346.361,3.0654
346.353,3.06461
346.344,3.06382
346.336,3.06303
346.328,3.06225
346.319,3.06146
346.311,3.06067
346.303,3.05988
346.294,3.0591
346.286,3.05831
346.278,3.05752
346.269,3.05673
346.261,3.05595
346.252,3.05516
346.244,3.05437
346.236,3.05358
346.227,3.0528
346.219,3.05201
346.211,3.05122
346.202,3.05043
346.194,3.04964
346.186,3.04886
346.177,3.04807
346.169,3.04728
346.16,3.04649
346.152,3.04571
346.144,3.04492
346.135,3.04413
346.127,3.04334
346.119,3.04256
346.11,3.04177
346.102,3.04098
346.093,3.04019
346.085,3.03941
346.077,3.03862
346.068,3.03783
346.06,3.03704
346.051,3.03626
346.043,3.03547
346.035,3.03468
346.026,3.03389
346.018,3.0331
346.009,3.03232
346.001,3.03153
345.993,3.03074
345.984,3.02995
345.976,3.02917
345.967,3.02838
345.959,3.02759
345.951,3.0268
345.942,3.02602
345.934,3.02523
345.925,3.02444
345.917,3.02365
345.908,3.02287
345.9,3.02208
345.892,3.02129
345.883,3.0205
345.875,3.01972
345.866,3.01893
345.858,3.01814
345.849,3.01735
345.841,3.01657
345.832,3.01578
345.824,3.01499
345.816,3.0142
345.807,3.01341
345.799,3.01263
345.79,3.01184
345.782,3.01105
345.773,3.01026
345.765,3.00948
345.756,3.00869
345.748,3.0079
345.739,3.00711
345.731,3.00633
345.723,3.00554
345.714,3.00475
345.706,3.00396
345.697,3.00318
345.689,3.00239
345.68,3.0016
345.672,3.00081
345.663,3.00003
345.655,2.99924
345.646,2.99845
345.638,2.99766
345.629,2.99687
345.621,2.99609
345.612,2.9953
345.604,2.99451
345.595,2.99372
345.587,2.99294
345.578,2.99215
345.57,2.99136
345.561,2.99057
345.553,2.98979
345.544,2.989
345.536,2.98821
345.527,2.98742
345.519,2.98664
345.51,2.98585
345.502,2.98506
345.493,2.98427
345.485,2.98349
345.476,2.9827
345.468,2.98191
345.459,2.98112
345.451,2.98033
345.442,2.97955
345.434,2.97876
345.425,2.97797
345.416,2.97718
345.408,2.9764
345.399,2.97561
345.391,2.97482
345.382,2.97403
345.374,2.97325
345.365,2.97246
345.357,2.97167
345.348,2.97088
345.34,2.9701
345.331,2.96931
345.322,2.96852
345.314,2.96773
345.305,2.96695
345.297,2.96616
345.288,2.96537
345.28,2.96458
345.271,2.96379
345.263,2.96301
345.254,2.96222
345.245,2.96143
345.237,2.96064
345.228,2.95986
345.22,2.95907
345.211,2.95828
345.203,2.95749
345.194,2.95671
345.185,2.95592
345.177,2.95513
345.168,2.95434
345.16,2.95356
345.151,2.95277
345.142,2.95198
345.134,2.95119
345.125,2.95041
345.117,2.94962
345.108,2.94883
345.099,2.94804
345.091,2.94725
345.082,2.94647
345.074,2.94568
345.065,2.94489
345.056,2.9441
345.048,2.94332
345.039,2.94253
345.031,2.94174
345.022,2.94095
345.013,2.94017
345.005,2.93938
344.996,2.93859
344.987,2.9378
344.979,2.93702
344.97,2.93623
344.962,2.93544
344.953,2.93465
344.944,2.93387
344.936,2.93308
344.927,2.93229
344.918,2.9315
344.91,2.93072
344.901,2.92993
344.892,2.92914
344.884,2.92835
344.875,2.92756
344.866,2.92678
344.858,2.92599
344.849,2.9252
344.841,2.92441
344.832,2.92363
344.823,2.92284
344.815,2.92205
344.806,2.92126
344.797,2.92048
344.789,2.91969
344.78,2.9189
344.771,2.91811
344.763,2.91733
344.754,2.91654
344.745,2.91575
344.736,2.91496
344.728,2.91418
344.719,2.91339
344.71,2.9126
344.702,2.91181
344.693,2.91102
344.684,2.91024
344.676,2.90945
344.667,2.90866
344.658,2.90787
344.65,2.90709
344.641,2.9063
344.632,2.90551
344.623,2.90472
344.615,2.90394
344.606,2.90315
344.597,2.90236
344.589,2.90157
344.58,2.90079
344.571,2.9
344.562,2.89921
344.554,2.89842
344.545,2.89764
344.536,2.89685
344.528,2.89606
344.519,2.89527
344.51,2.89448
344.501,2.8937
344.493,2.89291
344.484,2.89212
344.475,2.89133
344.466,2.89055
344.458,2.88976
344.449,2.88897
344.44,2.88818
344.431,2.8874
344.423,2.88661
344.414,2.88582
344.405,2.88503
344.396,2.88425
344.388,2.88346
344.379,2.88267
344.37,2.88188
344.361,2.8811
344.353,2.88031
344.344,2.87952
344.335,2.87873
344.326,2.87794
344.318,2.87716
344.309,2.87637
344.3,2.87558
344.291,2.87479
344.282,2.87401
344.274,2.87322
344.265,2.87243
344.256,2.87164
344.247,2.87086
344.238,2.87007
344.23,2.86928
344.221,2.86849
344.212,2.86771
344.203,2.86692
344.194,2.86613
344.186,2.86534
344.177,2.86456
344.168,2.86377
344.159,2.86298
344.15,2.86219
344.142,2.8614
344.133,2.86062
344.124,2.85983
344.115,2.85904
344.106,2.85825
344.098,2.85747
344.089,2.85668
344.08,2.85589
344.071,2.8551
344.062,2.85432
344.053,2.85353
344.045,2.85274
344.036,2.85195
344.027,2.85117
344.018,2.85038
344.009,2.84959
344,2.8488
343.991,2.84802
343.983,2.84723
343.974,2.84644
343.965,2.84565
343.956,2.84487
343.947,2.84408
343.938,2.84329
343.93,2.8425
343.921,2.84171
343.912,2.84093
343.903,2.84014
343.894,2.83935
343.885,2.83856
343.876,2.83778
343.867,2.83699
343.859,2.8362
343.85,2.83541
343.841,2.83463
343.832,2.83384
343.823,2.83305
343.814,2.83226
343.805,2.83148
343.796,2.83069
343.787,2.8299
343.779,2.82911
343.77,2.82833
343.761,2.82754
343.752,2.82675
343.743,2.82596
343.734,2.82517
343.725,2.82439
343.716,2.8236
343.707,2.82281
343.698,2.82202
343.69,2.82124
343.681,2.82045
343.672,2.81966
343.663,2.81887
343.654,2.81809
343.645,2.8173
343.636,2.81651
343.627,2.81572
343.618,2.81494
343.609,2.81415
343.6,2.81336
343.591,2.81257
343.582,2.81179
343.573,2.811
343.564,2.81021
343.556,2.80942
343.547,2.80863
343.538,2.80785
343.529,2.80706
343.52,2.80627
343.511,2.80548
343.502,2.8047
343.493,2.80391
343.484,2.80312
343.475,2.80233
343.466,2.80155
343.457,2.80076
343.448,2.79997
343.439,2.79918
343.43,2.7984
343.421,2.79761
343.412,2.79682
343.403,2.79603
343.394,2.79525
343.385,2.79446
343.376,2.79367
343.367,2.79288
343.358,2.79209
343.349,2.79131
343.34,2.79052
343.331,2.78973
343.322,2.78894
343.313,2.78816
343.304,2.78737
343.295,2.78658
343.286,2.78579
343.277,2.78501
343.268,2.78422
343.259,2.78343
343.25,2.78264
343.241,2.78186
343.232,2.78107
343.223,2.78028
343.214,2.77949
343.205,2.77871
343.196,2.77792
343.187,2.77713
343.178,2.77634
343.169,2.77555
343.16,2.77477
343.151,2.77398
343.142,2.77319
343.133,2.7724
343.124,2.77162
343.115,2.77083
343.106,2.77004
343.097,2.76925
343.088,2.76847
343.078,2.76768
343.069,2.76689
343.06,2.7661
343.051,2.76532
343.042,2.76453
343.033,2.76374
343.024,2.76295
343.015,2.76217
343.006,2.76138
342.997,2.76059
342.988,2.7598
342.979,2.75901
342.97,2.75823
342.961,2.75744
342.951,2.75665
342.942,2.75586
342.933,2.75508
342.924,2.75429
342.915,2.7535
342.906,2.75271
342.897,2.75193
342.888,2.75114
342.879,2.75035
342.87,2.74956
342.861,2.74878
342.851,2.74799
342.842,2.7472
342.833,2.74641
342.824,2.74563
342.815,2.74484
342.806,2.74405
342.797,2.74326
342.788,2.74248
342.778,2.74169
342.769,2.7409
342.76,2.74011
342.751,2.73932
342.742,2.73854
342.733,2.73775
342.724,2.73696
342.715,2.73617
342.705,2.73539
342.696,2.7346
342.687,2.73381
342.678,2.73302
342.669,2.73224
342.66,2.73145
342.65,2.73066
342.641,2.72987
342.632,2.72909
342.623,2.7283
342.614,2.72751
342.605,2.72672
342.596,2.72594
342.586,2.72515
342.577,2.72436
342.568,2.72357
342.559,2.72278
342.55,2.722
342.54,2.72121
342.531,2.72042
342.522,2.71963
342.513,2.71885
342.504,2.71806
342.495,2.71727
342.485,2.71648
342.476,2.7157
342.467,2.71491
342.458,2.71412
342.449,2.71333
342.439,2.71255
342.43,2.71176
342.421,2.71097
342.412,2.71018
342.402,2.7094
342.393,2.70861
342.384,2.70782
342.375,2.70703
342.366,2.70624
342.356,2.70546
342.347,2.70467
342.338,2.70388
342.329,2.70309
342.319,2.70231
342.31,2.70152
342.301,2.70073
342.292,2.69994
342.282,2.69916
342.273,2.69837
342.264,2.69758
342.255,2.69679
342.246,2.69601
342.236,2.69522
342.227,2.69443
342.218,2.69364
342.208,2.69286
342.199,2.69207
342.19,2.69128
342.181,2.69049
342.171,2.6897
342.162,2.68892
342.153,2.68813
342.144,2.68734
342.134,2.68655
342.125,2.68577
342.116,2.68498
342.106,2.68419
342.097,2.6834
342.088,2.68262
342.079,2.68183
342.069,2.68104
342.06,2.68025
342.051,2.67947
342.041,2.67868
342.032,2.67789
342.023,2.6771
342.014,2.67632
342.004,2.67553
341.995,2.67474
341.986,2.67395
341.976,2.67316
341.967,2.67238
341.958,2.67159
341.948,2.6708
341.939,2.67001
341.93,2.66923
341.92,2.66844
341.911,2.66765
341.902,2.66686
341.892,2.66608
341.883,2.66529
341.874,2.6645
341.864,2.66371
341.855,2.66293
341.846,2.66214
341.836,2.66135
341.827,2.66056
341.818,2.65978
341.808,2.65899
341.799,2.6582
341.789,2.65741
341.78,2.65663
341.771,2.65584
341.761,2.65505
341.752,2.65426
341.743,2.65347
341.733,2.65269
341.724,2.6519
341.715,2.65111
341.705,2.65032
341.696,2.64954
341.686,2.64875
341.677,2.64796
341.668,2.64717
341.658,2.64639
341.649,2.6456
341.639,2.64481
341.63,2.64402
341.621,2.64324
341.611,2.64245
341.602,2.64166
341.592,2.64087
341.583,2.64009
341.574,2.6393
341.564,2.63851
341.555,2.63772
341.545,2.63693
341.536,2.63615
341.526,2.63536
341.517,2.63457
341.508,2.63378
341.498,2.633
341.489,2.63221
341.479,2.63142
341.47,2.63063
341.46,2.62985
341.451,2.62906
341.442,2.62827
341.432,2.62748
341.423,2.6267
341.413,2.62591
341.404,2.62512
341.394,2.62433
341.385,2.62355
341.375,2.62276
341.366,2.62197
341.356,2.62118
341.347,2.62039
341.337,2.61961
341.328,2.61882
341.319,2.61803
341.309,2.61724
341.3,2.61646
341.29,2.61567
341.281,2.61488
341.271,2.61409
341.262,2.61331
341.252,2.61252
341.243,2.61173
341.233,2.61094
341.224,2.61016
341.214,2.60937
341.205,2.60858
341.195,2.60779
341.186,2.60701
341.176,2.60622
341.167,2.60543
341.157,2.60464
341.148,2.60385
341.138,2.60307
341.129,2.60228
341.119,2.60149
341.11,2.6007
341.1,2.59992
341.09,2.59913
341.081,2.59834
341.071,2.59755
341.062,2.59677
341.052,2.59598
341.043,2.59519
341.033,2.5944
341.024,2.59362
341.014,2.59283
341.005,2.59204
340.995,2.59125
340.985,2.59047
340.976,2.58968
340.966,2.58889
340.957,2.5881
340.947,2.58731
340.938,2.58653
340.928,2.58574
340.918,2.58495
340.909,2.58416
340.899,2.58338
340.89,2.58259
340.88,2.5818
340.871,2.58101
340.861,2.58023
340.851,2.57944
340.842,2.57865
340.832,2.57786
340.823,2.57708
340.813,2.57629
340.803,2.5755
340.794,2.57471
340.784,2.57393
340.775,2.57314
340.765,2.57235
340.755,2.57156
340.746,2.57078
340.736,2.56999
340.726,2.5692
340.717,2.56841
340.707,2.56762
340.698,2.56684
340.688,2.56605
340.678,2.56526
340.669,2.56447
340.659,2.56369
340.649,2.5629
340.64,2.56211
340.63,2.56132
340.62,2.56054
340.611,2.55975
340.601,2.55896
340.592,2.55817
340.582,2.55739
340.572,2.5566
340.563,2.55581
340.553,2.55502
340.543,2.55424
340.534,2.55345
340.524,2.55266
340.514,2.55187
340.505,2.55108
340.495,2.5503
340.485,2.54951
340.475,2.54872
340.466,2.54793
340.456,2.54715
340.446,2.54636
340.437,2.54557
340.427,2.54478
340.417,2.544
340.408,2.54321
340.398,2.54242
340.388,2.54163
340.378,2.54085
340.369,2.54006
340.359,2.53927
340.349,2.53848
340.34,2.5377
340.33,2.53691
340.32,2.53612
340.31,2.53533
340.301,2.53454
340.291,2.53376
340.281,2.53297
340.272,2.53218
340.262,2.53139
340.252,2.53061
340.242,2.52982
340.233,2.52903
340.223,2.52824
340.213,2.52746
340.203,2.52667
340.194,2.52588
340.184,2.52509
340.174,2.52431
340.164,2.52352
340.155,2.52273
340.145,2.52194
340.135,2.52116
340.125,2.52037
340.115,2.51958
340.106,2.51879
340.096,2.518
340.086,2.51722
340.076,2.51643
340.066,2.51564
340.057,2.51485
340.047,2.51407
340.037,2.51328
340.027,2.51249
340.018,2.5117
340.008,2.51092
339.998,2.51013
339.988,2.50934
339.978,2.50855
339.968,2.50777
339.959,2.50698
339.949,2.50619
339.939,2.5054
339.929,2.50462
339.919,2.50383
339.91,2.50304
339.9,2.50225
339.89,2.50146
339.88,2.50068
339.87,2.49989
339.86,2.4991
339.851,2.49831
339.841,2.49753
339.831,2.49674
339.821,2.49595
339.811,2.49516
339.801,2.49438
339.791,2.49359
339.782,2.4928
339.772,2.49201
339.762,2.49123
339.752,2.49044
339.742,2.48965
339.732,2.48886
339.722,2.48808
339.712,2.48729
339.703,2.4865
339.693,2.48571
339.683,2.48493
339.673,2.48414
339.663,2.48335
339.653,2.48256
339.643,2.48177
339.633,2.48099
339.623,2.4802
339.613,2.47941
339.604,2.47862
339.594,2.47784
339.584,2.47705
339.574,2.47626
339.564,2.47547
339.554,2.47469
339.544,2.4739
339.534,2.47311
339.524,2.47232
339.514,2.47154
339.504,2.47075
339.494,2.46996
339.484,2.46917
339.475,2.46839
339.465,2.4676
339.455,2.46681
339.445,2.46602
339.435,2.46523
339.425,2.46445
339.415,2.46366
339.405,2.46287
339.395,2.46208
339.385,2.4613
339.375,2.46051
339.365,2.45972
339.355,2.45893
339.345,2.45815
339.335,2.45736
339.325,2.45657
339.315,2.45578
339.305,2.455
339.295,2.45421
339.285,2.45342
339.275,2.45263
339.265,2.45185
339.255,2.45106
339.245,2.45027
339.235,2.44948
339.225,2.44869
339.215,2.44791
339.205,2.44712
339.195,2.44633
339.185,2.44554
339.175,2.44476
339.165,2.44397
339.155,2.44318
339.145,2.44239
339.135,2.44161
339.125,2.44082
339.115,2.44003
339.105,2.43924
339.095,2.43846
339.085,2.43767
339.075,2.43688
339.065,2.43609
339.055,2.43531
339.045,2.43452
339.035,2.43373
339.024,2.43294
339.014,2.43215
339.004,2.43137
338.994,2.43058
338.984,2.42979
338.974,2.429
338.964,2.42822
338.954,2.42743
338.944,2.42664
338.934,2.42585
338.924,2.42507
338.914,2.42428
338.904,2.42349
338.893,2.4227
338.883,2.42192
338.873,2.42113
338.863,2.42034
338.853,2.41955
338.843,2.41877
338.833,2.41798
338.823,2.41719
338.813,2.4164
338.802,2.41561
338.792,2.41483
338.782,2.41404
338.772,2.41325
338.762,2.41246
338.752,2.41168
338.742,2.41089
338.732,2.4101
338.721,2.40931
338.711,2.40853
338.701,2.40774
338.691,2.40695
338.681,2.40616
338.671,2.40538
338.661,2.40459
338.65,2.4038
338.64,2.40301
338.63,2.40223
338.62,2.40144
338.61,2.40065
338.6,2.39986
338.589,2.39907
338.579,2.39829
338.569,2.3975
338.559,2.39671
338.549,2.39592
338.538,2.39514
338.528,2.39435
338.518,2.39356
338.508,2.39277
338.498,2.39199
338.487,2.3912
338.477,2.39041
338.467,2.38962
338.457,2.38884
338.447,2.38805
338.436,2.38726
338.426,2.38647
338.416,2.38569
338.406,2.3849
338.396,2.38411
338.385,2.38332
338.375,2.38254
338.365,2.38175
338.355,2.38096
338.344,2.38017
338.334,2.37938
338.324,2.3786
338.314,2.37781
338.303,2.37702
338.293,2.37623
338.283,2.37545
338.273,2.37466
338.262,2.37387
338.252,2.37308
338.242,2.3723
338.232,2.37151
338.221,2.37072
338.211,2.36993
338.201,2.36915
338.19,2.36836
338.18,2.36757
338.17,2.36678
338.16,2.366
338.149,2.36521
338.139,2.36442
338.129,2.36363
338.118,2.36284
338.108,2.36206
338.098,2.36127
338.087,2.36048
338.077,2.35969
338.067,2.35891
338.056,2.35812
338.046,2.35733
338.036,2.35654
338.025,2.35576
338.015,2.35497
338.005,2.35418
337.994,2.35339
337.984,2.35261
337.974,2.35182
337.963,2.35103
337.953,2.35024
337.943,2.34946
337.932,2.34867
337.922,2.34788
337.912,2.34709
337.901,2.3463
337.891,2.34552
337.881,2.34473
337.87,2.34394
337.86,2.34315
337.849,2.34237
337.839,2.34158
337.829,2.34079
337.818,2.34
337.808,2.33922
337.798,2.33843
337.787,2.33764
337.777,2.33685
337.766,2.33607
337.756,2.33528
337.746,2.33449
337.735,2.3337
337.725,2.33292
337.714,2.33213
337.704,2.33134
337.693,2.33055
337.683,2.32976
337.673,2.32898
337.662,2.32819
337.652,2.3274
337.641,2.32661
337.631,2.32583
337.62,2.32504
337.61,2.32425
337.6,2.32346
337.589,2.32268
337.579,2.32189
337.568,2.3211
337.558,2.32031
337.547,2.31953
337.537,2.31874
337.526,2.31795
337.516,2.31716
337.505,2.31638
337.495,2.31559
337.485,2.3148
337.474,2.31401
337.464,2.31322
337.453,2.31244
337.443,2.31165
337.432,2.31086
337.422,2.31007
337.411,2.30929
337.401,2.3085
337.39,2.30771
337.38,2.30692
337.369,2.30614
337.359,2.30535
337.348,2.30456
337.338,2.30377
337.327,2.30299
337.316,2.3022
337.306,2.30141
337.295,2.30062
337.285,2.29984
337.274,2.29905
337.264,2.29826
337.253,2.29747
337.243,2.29669
337.232,2.2959
337.222,2.29511
337.211,2.29432
337.201,2.29353
337.19,2.29275
337.179,2.29196
337.169,2.29117
337.158,2.29038
337.148,2.2896
337.137,2.28881
337.127,2.28802
337.116,2.28723
337.105,2.28645
337.095,2.28566
337.084,2.28487
337.074,2.28408
337.063,2.2833
337.052,2.28251
337.042,2.28172
337.031,2.28093
337.021,2.28015
337.01,2.27936
336.999,2.27857
336.989,2.27778
336.978,2.27699
336.968,2.27621
336.957,2.27542
336.946,2.27463
336.936,2.27384
336.925,2.27306
336.914,2.27227
336.904,2.27148
336.893,2.27069
336.882,2.26991
336.872,2.26912
336.861,2.26833
336.85,2.26754
336.84,2.26676
336.829,2.26597
336.818,2.26518
336.808,2.26439
336.797,2.26361
336.786,2.26282
336.776,2.26203
336.765,2.26124
336.754,2.26045
336.744,2.25967
336.733,2.25888
336.722,2.25809
336.712,2.2573
336.701,2.25652
336.69,2.25573
336.68,2.25494
336.669,2.25415
336.658,2.25337
336.647,2.25258
336.637,2.25179
336.626,2.251
336.615,2.25022
336.605,2.24943
336.594,2.24864
336.583,2.24785
336.572,2.24707
336.562,2.24628
336.551,2.24549
336.54,2.2447
336.529,2.24391
336.519,2.24313
336.508,2.24234
336.497,2.24155
336.486,2.24076
336.476,2.23998
336.465,2.23919
336.454,2.2384
336.443,2.23761
336.433,2.23683
336.422,2.23604
336.411,2.23525
336.4,2.23446
336.389,2.23368
336.379,2.23289
336.368,2.2321
336.357,2.23131
336.346,2.23053
336.335,2.22974
336.325,2.22895
336.314,2.22816
336.303,2.22737
336.292,2.22659
336.281,2.2258
336.271,2.22501
336.26,2.22422
336.249,2.22344
336.238,2.22265
336.227,2.22186
336.216,2.22107
336.206,2.22029
336.195,2.2195
336.184,2.21871
336.173,2.21792
336.162,2.21714
336.151,2.21635
336.14,2.21556
336.13,2.21477
336.119,2.21399
336.108,2.2132
336.097,2.21241
336.086,2.21162
336.075,2.21084
336.064,2.21005
336.053,2.20926
336.043,2.20847
336.032,2.20768
336.021,2.2069
336.01,2.20611
335.999,2.20532
335.988,2.20453
335.977,2.20375
335.966,2.20296
335.955,2.20217
335.944,2.20138
335.934,2.2006
335.923,2.19981
335.912,2.19902
335.901,2.19823
335.89,2.19745
335.879,2.19666
335.868,2.19587
335.857,2.19508
335.846,2.1943
335.835,2.19351
335.824,2.19272
335.813,2.19193
335.802,2.19114
335.791,2.19036
335.78,2.18957
335.769,2.18878
335.758,2.18799
335.747,2.18721
335.736,2.18642
335.725,2.18563
335.714,2.18484
335.703,2.18406
335.692,2.18327
335.681,2.18248
335.67,2.18169
335.659,2.18091
335.648,2.18012
335.637,2.17933
335.626,2.17854
335.615,2.17776
335.604,2.17697
335.593,2.17618
335.582,2.17539
335.571,2.1746
335.56,2.17382
335.549,2.17303
335.538,2.17224
335.527,2.17145
335.516,2.17067
335.505,2.16988
335.494,2.16909
335.483,2.1683
335.472,2.16752
335.461,2.16673
335.45,2.16594
335.439,2.16515
335.428,2.16437
335.417,2.16358
335.406,2.16279
335.394,2.162
335.383,2.16122
335.372,2.16043
335.361,2.15964
335.35,2.15885
335.339,2.15806
335.328,2.15728
335.317,2.15649
335.306,2.1557
335.295,2.15491
335.283,2.15413
335.272,2.15334
335.261,2.15255
335.25,2.15176
335.239,2.15098
335.228,2.15019
335.217,2.1494
335.206,2.14861
335.194,2.14783
335.183,2.14704
335.172,2.14625
335.161,2.14546
335.15,2.14468
335.139,2.14389
335.128,2.1431
335.116,2.14231
335.105,2.14152
335.094,2.14074
335.083,2.13995
335.072,2.13916
335.061,2.13837
335.049,2.13759
335.038,2.1368
335.027,2.13601
335.016,2.13522
335.005,2.13444
334.993,2.13365
334.982,2.13286
334.971,2.13207
334.96,2.13129
334.949,2.1305
334.937,2.12971
334.926,2.12892
334.915,2.12814
334.904,2.12735
334.892,2.12656
334.881,2.12577
334.87,2.12498
334.859,2.1242
334.848,2.12341
334.836,2.12262
334.825,2.12183
334.814,2.12105
334.802,2.12026
334.791,2.11947
334.78,2.11868
334.769,2.1179
334.757,2.11711
334.746,2.11632
334.735,2.11553
334.724,2.11475
334.712,2.11396
334.701,2.11317
334.69,2.11238
334.678,2.1116
334.667,2.11081
334.656,2.11002
334.645,2.10923
334.633,2.10845
334.622,2.10766
334.611,2.10687
334.599,2.10608
334.588,2.10529
334.577,2.10451
334.565,2.10372
334.554,2.10293
334.543,2.10214
334.531,2.10136
334.52,2.10057
334.509,2.09978
334.497,2.09899
334.486,2.09821
334.475,2.09742
334.463,2.09663
334.452,2.09584
334.44,2.09506
334.429,2.09427
334.418,2.09348
334.406,2.09269
334.395,2.09191
334.384,2.09112
334.372,2.09033
334.361,2.08954
334.349,2.08875
334.338,2.08797
334.327,2.08718
334.315,2.08639
334.304,2.0856
334.292,2.08482
334.281,2.08403
334.269,2.08324
334.258,2.08245
334.247,2.08167
334.235,2.08088
334.224,2.08009
334.212,2.0793
334.201,2.07852
334.189,2.07773
334.178,2.07694
334.167,2.07615
334.155,2.07537
334.144,2.07458
334.132,2.07379
334.121,2.073
334.109,2.07221
334.098,2.07143
334.086,2.07064
334.075,2.06985
334.063,2.06906
334.052,2.06828
334.04,2.06749
334.029,2.0667
334.017,2.06591
334.006,2.06513
333.994,2.06434
333.983,2.06355
333.971,2.06276
333.96,2.06198
333.948,2.06119
333.937,2.0604
333.925,2.05961
333.914,2.05883
333.902,2.05804
333.891,2.05725
333.879,2.05646
333.868,2.05567
333.856,2.05489
333.844,2.0541
333.833,2.05331
333.821,2.05252
333.81,2.05174
333.798,2.05095
333.787,2.05016
333.775,2.04937
333.763,2.04859
333.752,2.0478
333.74,2.04701
333.729,2.04622
333.717,2.04544
333.705,2.04465
333.694,2.04386
333.682,2.04307
333.671,2.04229
333.659,2.0415
333.647,2.04071
333.636,2.03992
333.624,2.03913
333.613,2.03835
333.601,2.03756
333.589,2.03677
333.578,2.03598
333.566,2.0352
333.554,2.03441
333.543,2.03362
333.531,2.03283
333.519,2.03205
333.508,2.03126
333.496,2.03047
333.484,2.02968
333.473,2.0289
333.461,2.02811
333.449,2.02732
333.438,2.02653
333.426,2.02575
333.414,2.02496
333.403,2.02417
333.391,2.02338
333.379,2.0226
333.368,2.02181
333.356,2.02102
333.344,2.02023
333.332,2.01944
333.321,2.01866
333.309,2.01787
333.297,2.01708
333.286,2.01629
333.274,2.01551
333.262,2.01472
333.25,2.01393
333.239,2.01314
333.227,2.01236
333.215,2.01157
333.203,2.01078
333.192,2.00999
333.18,2.00921
333.168,2.00842
333.156,2.00763
333.144,2.00684
333.133,2.00606
333.121,2.00527
333.109,2.00448
333.097,2.00369
333.085,2.0029
333.074,2.00212
333.062,2.00133
333.05,2.00054
333.038,1.99975
333.026,1.99897
333.015,1.99818
333.003,1.99739
332.991,1.9966
332.979,1.99582
332.967,1.99503
332.955,1.99424
332.944,1.99345
332.932,1.99267
332.92,1.99188
332.908,1.99109
332.896,1.9903
332.884,1.98952
332.873,1.98873
332.861,1.98794
332.849,1.98715
332.837,1.98636
332.825,1.98558
332.813,1.98479
332.801,1.984
332.789,1.98321
332.777,1.98243
332.766,1.98164
332.754,1.98085
332.742,1.98006
332.73,1.97928
332.718,1.97849
332.706,1.9777
332.694,1.97691
332.682,1.97613
332.67,1.97534
332.658,1.97455
332.646,1.97376
332.634,1.97298
332.622,1.97219
332.611,1.9714
332.599,1.97061
332.587,1.96982
332.575,1.96904
332.563,1.96825
332.551,1.96746
332.539,1.96667
332.527,1.96589
332.515,1.9651
332.503,1.96431
332.491,1.96352
332.479,1.96274
332.467,1.96195
332.455,1.96116
332.443,1.96037
332.431,1.95959
332.419,1.9588
332.407,1.95801
332.395,1.95722
332.383,1.95644
332.371,1.95565
332.359,1.95486
332.347,1.95407
332.335,1.95328
332.323,1.9525
332.311,1.95171
332.298,1.95092
332.286,1.95013
332.274,1.94935
332.262,1.94856
332.25,1.94777
332.238,1.94698
332.226,1.9462
332.214,1.94541
332.202,1.94462
332.19,1.94383
332.178,1.94305
332.166,1.94226
332.154,1.94147
332.141,1.94068
332.129,1.9399
332.117,1.93911
332.105,1.93832
332.093,1.93753
332.081,1.93675
332.069,1.93596
332.057,1.93517
332.044,1.93438
332.032,1.93359
332.02,1.93281
332.008,1.93202
331.996,1.93123
331.984,1.93044
331.972,1.92966
331.959,1.92887
331.947,1.92808
331.935,1.92729
331.923,1.92651
331.911,1.92572
331.898,1.92493
331.886,1.92414
331.874,1.92336
331.862,1.92257
331.85,1.92178
331.837,1.92099
331.825,1.92021
331.813,1.91942
331.801,1.91863
331.789,1.91784
331.776,1.91705
331.764,1.91627
331.752,1.91548
331.74,1.91469
331.727,1.9139
331.715,1.91312
331.703,1.91233
331.691,1.91154
331.678,1.91075
331.666,1.90997
331.654,1.90918
331.642,1.90839
331.629,1.9076
331.617,1.90682
331.605,1.90603
331.592,1.90524
331.58,1.90445
331.568,1.90367
331.556,1.90288
331.543,1.90209
331.531,1.9013
331.519,1.90051
331.506,1.89973
331.494,1.89894
331.482,1.89815
331.469,1.89736
331.457,1.89658
331.445,1.89579
331.432,1.895
331.42,1.89421
331.408,1.89343
331.395,1.89264
331.383,1.89185
331.371,1.89106
331.358,1.89028
331.346,1.88949
331.333,1.8887
331.321,1.88791
331.309,1.88713
331.296,1.88634
331.284,1.88555
331.272,1.88476
331.259,1.88397
331.247,1.88319
331.234,1.8824
331.222,1.88161
331.209,1.88082
331.197,1.88004
331.185,1.87925
331.172,1.87846
331.16,1.87767
331.147,1.87689
331.135,1.8761
331.122,1.87531
331.11,1.87452
331.097,1.87374
331.085,1.87295
331.073,1.87216
331.06,1.87137
331.048,1.87059
331.035,1.8698
331.023,1.86901
331.01,1.86822
330.998,1.86743
330.985,1.86665
330.973,1.86586
330.96,1.86507
330.948,1.86428
330.935,1.8635
330.923,1.86271
330.91,1.86192
330.898,1.86113
330.885,1.86035
330.872,1.85956
330.86,1.85877
330.847,1.85798
330.835,1.8572
330.822,1.85641
330.81,1.85562
330.797,1.85483
330.785,1.85405
330.772,1.85326
330.759,1.85247
330.747,1.85168
330.734,1.8509
330.722,1.85011
330.709,1.84932
330.697,1.84853
330.684,1.84774
330.671,1.84696
330.659,1.84617
330.646,1.84538
330.633,1.84459
330.621,1.84381
330.608,1.84302
330.596,1.84223
330.583,1.84144
330.57,1.84066
330.558,1.83987
330.545,1.83908
330.532,1.83829
330.52,1.83751
330.507,1.83672
330.494,1.83593
330.482,1.83514
330.469,1.83436
330.456,1.83357
330.444,1.83278
330.431,1.83199
330.418,1.8312
330.406,1.83042
330.393,1.82963
330.38,1.82884
330.367,1.82805
330.355,1.82727
330.342,1.82648
330.329,1.82569
330.317,1.8249
330.304,1.82412
330.291,1.82333
330.278,1.82254
330.266,1.82175
330.253,1.82097
330.24,1.82018
330.227,1.81939
330.215,1.8186
330.202,1.81782
330.189,1.81703
330.176,1.81624
330.163,1.81545
330.151,1.81466
330.138,1.81388
330.125,1.81309
330.112,1.8123
330.099,1.81151
330.087,1.81073
330.074,1.80994
330.061,1.80915
330.048,1.80836
330.035,1.80758
330.022,1.80679
330.01,1.806
329.997,1.80521
329.984,1.80443
329.971,1.80364
329.958,1.80285
329.945,1.80206
329.932,1.80128
329.92,1.80049
329.907,1.7997
329.894,1.79891
329.881,1.79812
329.868,1.79734
329.855,1.79655
329.842,1.79576
329.829,1.79497
329.816,1.79419
329.804,1.7934
329.791,1.79261
329.778,1.79182
329.765,1.79104
329.752,1.79025
329.739,1.78946
329.726,1.78867
329.713,1.78789
329.7,1.7871
329.687,1.78631
329.674,1.78552
329.661,1.78474
329.648,1.78395
329.635,1.78316
329.622,1.78237
329.609,1.78158
329.596,1.7808
329.583,1.78001
329.57,1.77922
329.557,1.77843
329.544,1.77765
329.531,1.77686
329.518,1.77607
329.505,1.77528
329.492,1.7745
329.479,1.77371
329.466,1.77292
329.453,1.77213
329.44,1.77135
329.427,1.77056
329.414,1.76977
329.401,1.76898
329.388,1.7682
329.375,1.76741
329.362,1.76662
329.349,1.76583
329.335,1.76504
329.322,1.76426
329.309,1.76347
329.296,1.76268
329.283,1.76189
329.27,1.76111
329.257,1.76032
329.244,1.75953
329.231,1.75874
329.217,1.75796
329.204,1.75717
329.191,1.75638
329.178,1.75559
329.165,1.75481
329.152,1.75402
329.139,1.75323
329.125,1.75244
329.112,1.75166
329.099,1.75087
329.086,1.75008
329.073,1.74929
329.06,1.74851
329.046,1.74772
329.033,1.74693
329.02,1.74614
329.007,1.74535
328.994,1.74457
328.98,1.74378
328.967,1.74299
328.954,1.7422
328.941,1.74142
328.927,1.74063
328.914,1.73984
328.901,1.73905
328.888,1.73827
328.874,1.73748
328.861,1.73669
328.848,1.7359
328.835,1.73512
328.821,1.73433
328.808,1.73354
328.795,1.73275
328.781,1.73197
328.768,1.73118
328.755,1.73039
328.742,1.7296
328.728,1.72881
328.715,1.72803
328.702,1.72724
328.688,1.72645
328.675,1.72566
328.662,1.72488
328.648,1.72409
328.635,1.7233
328.622,1.72251
328.608,1.72173
328.595,1.72094
328.582,1.72015
328.568,1.71936
328.555,1.71858
328.541,1.71779
328.528,1.717
328.515,1.71621
328.501,1.71543
328.488,1.71464
328.474,1.71385
328.461,1.71306
328.448,1.71227
328.434,1.71149
328.421,1.7107
328.407,1.70991
328.394,1.70912
328.38,1.70834
328.367,1.70755
328.354,1.70676
328.34,1.70597
328.327,1.70519
328.313,1.7044
328.3,1.70361
328.286,1.70282
328.273,1.70204
328.259,1.70125
328.246,1.70046
328.232,1.69967
328.219,1.69889
328.205,1.6981
328.192,1.69731
328.178,1.69652
328.165,1.69573
328.151,1.69495
328.138,1.69416
328.124,1.69337
328.111,1.69258
328.097,1.6918
328.083,1.69101
328.07,1.69022
328.056,1.68943
328.043,1.68865
328.029,1.68786
328.016,1.68707
328.002,1.68628
327.988,1.6855
327.975,1.68471
327.961,1.68392
327.948,1.68313
327.934,1.68235
327.92,1.68156
327.907,1.68077
327.893,1.67998
327.879,1.67919
327.866,1.67841
327.852,1.67762
327.839,1.67683
327.825,1.67604
327.811,1.67526
327.798,1.67447
327.784,1.67368
327.77,1.67289
327.757,1.67211
327.743,1.67132
327.729,1.67053
327.715,1.66974
327.702,1.66896
327.688,1.66817
327.674,1.66738
327.661,1.66659
327.647,1.66581
327.633,1.66502
327.619,1.66423
327.606,1.66344
327.592,1.66266
327.578,1.66187
327.564,1.66108
327.551,1.66029
327.537,1.6595
327.523,1.65872
327.509,1.65793
327.496,1.65714
327.482,1.65635
327.468,1.65557
327.454,1.65478
327.44,1.65399
327.427,1.6532
327.413,1.65242
327.399,1.65163
327.385,1.65084
327.371,1.65005
327.358,1.64927
327.344,1.64848
327.33,1.64769
327.316,1.6469
327.302,1.64612
327.288,1.64533
327.274,1.64454
327.26,1.64375
327.247,1.64296
327.233,1.64218
327.219,1.64139
327.205,1.6406
327.191,1.63981
327.177,1.63903
327.163,1.63824
327.149,1.63745
327.135,1.63666
327.121,1.63588
327.108,1.63509
327.094,1.6343
327.08,1.63351
327.066,1.63273
327.052,1.63194
327.038,1.63115
327.024,1.63036
327.01,1.62958
326.996,1.62879
326.982,1.628
326.968,1.62721
326.954,1.62642
326.94,1.62564
326.926,1.62485
326.912,1.62406
326.898,1.62327
326.884,1.62249
326.87,1.6217
326.856,1.62091
326.842,1.62012
326.828,1.61934
326.814,1.61855
326.8,1.61776
326.785,1.61697
326.771,1.61619
326.757,1.6154
326.743,1.61461
326.729,1.61382
326.715,1.61304
326.701,1.61225
326.687,1.61146
326.673,1.61067
326.659,1.60988
326.645,1.6091
326.63,1.60831
326.616,1.60752
326.602,1.60673
326.588,1.60595
326.574,1.60516
326.56,1.60437
326.546,1.60358
326.531,1.6028
326.517,1.60201
326.503,1.60122
326.489,1.60043
326.475,1.59965
326.46,1.59886
326.446,1.59807
326.432,1.59728
326.418,1.5965
326.404,1.59571
326.389,1.59492
326.375,1.59413
326.361,1.59334
326.347,1.59256
326.332,1.59177
326.318,1.59098
326.304,1.59019
326.29,1.58941
326.275,1.58862
326.261,1.58783
326.247,1.58704
326.233,1.58626
326.218,1.58547
326.204,1.58468
326.19,1.58389
326.175,1.58311
326.161,1.58232
326.147,1.58153
326.132,1.58074
326.118,1.57996
326.104,1.57917
326.089,1.57838
326.075,1.57759
326.061,1.57681
326.046,1.57602
326.032,1.57523
326.018,1.57444
326.003,1.57365
325.989,1.57287
325.974,1.57208
325.96,1.57129
325.946,1.5705
325.931,1.56972
325.917,1.56893
325.902,1.56814
325.888,1.56735
325.873,1.56657
325.859,1.56578
325.845,1.56499
325.83,1.5642
325.816,1.56342
325.801,1.56263
325.787,1.56184
325.772,1.56105
325.758,1.56027
325.743,1.55948
325.729,1.55869
325.714,1.5579
325.7,1.55711
325.685,1.55633
325.671,1.55554
325.656,1.55475
325.642,1.55396
325.627,1.55318
325.613,1.55239
325.598,1.5516
325.584,1.55081
325.569,1.55003
325.554,1.54924
325.54,1.54845
325.525,1.54766
325.511,1.54688
325.496,1.54609
325.481,1.5453
325.467,1.54451
325.452,1.54373
325.438,1.54294
325.423,1.54215
325.408,1.54136
325.394,1.54057
325.379,1.53979
325.364,1.539
325.35,1.53821
325.335,1.53742
325.32,1.53664
325.306,1.53585
325.291,1.53506
325.276,1.53427
325.262,1.53349
325.247,1.5327
325.232,1.53191
325.218,1.53112
325.203,1.53034
325.188,1.52955
325.173,1.52876
325.159,1.52797
325.144,1.52719
325.129,1.5264
325.114,1.52561
325.1,1.52482
325.085,1.52403
325.07,1.52325
325.055,1.52246
325.041,1.52167
325.026,1.52088
325.011,1.5201
324.996,1.51931
324.981,1.51852
324.967,1.51773
324.952,1.51695
324.937,1.51616
324.922,1.51537
324.907,1.51458
324.892,1.5138
324.878,1.51301
324.863,1.51222
324.848,1.51143
324.833,1.51065
324.818,1.50986
324.803,1.50907
324.788,1.50828
324.773,1.50749
324.758,1.50671
324.744,1.50592
324.729,1.50513
324.714,1.50434
324.699,1.50356
324.684,1.50277
324.669,1.50198
324.654,1.50119
324.639,1.50041
324.624,1.49962
324.609,1.49883
324.594,1.49804
324.579,1.49726
324.564,1.49647
324.549,1.49568
324.534,1.49489
324.519,1.49411
324.504,1.49332
324.489,1.49253
324.474,1.49174
324.459,1.49096
324.444,1.49017
324.429,1.48938
324.414,1.48859
324.399,1.4878
324.384,1.48702
324.369,1.48623
324.354,1.48544
324.339,1.48465
324.323,1.48387
324.308,1.48308
324.293,1.48229
324.278,1.4815
324.263,1.48072
324.248,1.47993
324.233,1.47914
324.218,1.47835
324.202,1.47757
324.187,1.47678
324.172,1.47599
324.157,1.4752
324.142,1.47442
324.127,1.47363
324.111,1.47284
324.096,1.47205
324.081,1.47126
324.066,1.47048
324.051,1.46969
324.035,1.4689
324.02,1.46811
324.005,1.46733
323.99,1.46654
323.974,1.46575
323.959,1.46496
323.944,1.46418
323.929,1.46339
323.913,1.4626
323.898,1.46181
323.883,1.46103
323.867,1.46024
323.852,1.45945
323.837,1.45866
323.822,1.45788
323.806,1.45709
323.791,1.4563
323.776,1.45551
323.76,1.45472
323.745,1.45394
323.729,1.45315
323.714,1.45236
323.699,1.45157
323.683,1.45079
323.668,1.45
323.653,1.44921
323.637,1.44842
323.622,1.44764
323.606,1.44685
323.591,1.44606
323.576,1.44527
323.56,1.44449
323.545,1.4437
323.529,1.44291
323.514,1.44212
323.498,1.44134
323.483,1.44055
323.467,1.43976
323.452,1.43897
323.436,1.43818
323.421,1.4374
323.405,1.43661
323.39,1.43582
323.374,1.43503
323.359,1.43425
323.343,1.43346
323.328,1.43267
323.312,1.43188
323.297,1.4311
323.281,1.43031
323.266,1.42952
323.25,1.42873
323.234,1.42795
323.219,1.42716
323.203,1.42637
323.188,1.42558
323.172,1.4248
323.156,1.42401
323.141,1.42322
323.125,1.42243
323.109,1.42164
323.094,1.42086
323.078,1.42007
323.063,1.41928
323.047,1.41849
323.031,1.41771
323.016,1.41692
323,1.41613
322.984,1.41534
322.968,1.41456
322.953,1.41377
322.937,1.41298
322.921,1.41219
322.906,1.41141
322.89,1.41062
322.874,1.40983
322.858,1.40904
322.843,1.40826
322.827,1.40747
322.811,1.40668
322.795,1.40589
322.779,1.4051
322.764,1.40432
322.748,1.40353
322.732,1.40274
322.716,1.40195
322.7,1.40117
322.685,1.40038
322.669,1.39959
322.653,1.3988
322.637,1.39802
322.621,1.39723
322.605,1.39644
322.589,1.39565
322.573,1.39487
322.558,1.39408
322.542,1.39329
322.526,1.3925
322.51,1.39172
322.494,1.39093
322.478,1.39014
322.462,1.38935
322.446,1.38857
322.43,1.38778
322.414,1.38699
322.398,1.3862
322.382,1.38541
322.366,1.38463
322.35,1.38384
322.334,1.38305
322.318,1.38226
322.302,1.38148
322.286,1.38069
322.27,1.3799
322.254,1.37911
322.238,1.37833
322.222,1.37754
322.206,1.37675
322.19,1.37596
322.174,1.37518
322.158,1.37439
322.142,1.3736
322.126,1.37281
322.11,1.37203
322.093,1.37124
322.077,1.37045
322.061,1.36966
322.045,1.36887
322.029,1.36809
322.013,1.3673
321.997,1.36651
321.98,1.36572
321.964,1.36494
321.948,1.36415
321.932,1.36336
321.916,1.36257
321.9,1.36179
321.883,1.361
321.867,1.36021
321.851,1.35942
321.835,1.35864
321.818,1.35785
321.802,1.35706
321.786,1.35627
321.77,1.35549
321.753,1.3547
321.737,1.35391
321.721,1.35312
321.704,1.35233
321.688,1.35155
321.672,1.35076
321.656,1.34997
321.639,1.34918
321.623,1.3484
321.607,1.34761
321.59,1.34682
321.574,1.34603
321.557,1.34525
321.541,1.34446
321.525,1.34367
321.508,1.34288
321.492,1.3421
321.476,1.34131
321.459,1.34052
321.443,1.33973
321.426,1.33895
321.41,1.33816
321.393,1.33737
321.377,1.33658
321.36,1.33579
321.344,1.33501
321.327,1.33422
321.311,1.33343
321.295,1.33264
321.278,1.33186
321.261,1.33107
321.245,1.33028
321.228,1.32949
321.212,1.32871
321.195,1.32792
321.179,1.32713
321.162,1.32634
321.146,1.32556
321.129,1.32477
321.113,1.32398
321.096,1.32319
321.079,1.32241
321.063,1.32162
321.046,1.32083
321.029,1.32004
321.013,1.31925
320.996,1.31847
320.98,1.31768
320.963,1.31689
320.946,1.3161
320.93,1.31532
320.913,1.31453
320.896,1.31374
320.879,1.31295
320.863,1.31217
320.846,1.31138
320.829,1.31059
320.813,1.3098
320.796,1.30902
320.779,1.30823
320.762,1.30744
320.746,1.30665
320.729,1.30587
320.712,1.30508
320.695,1.30429
320.678,1.3035
320.662,1.30272
320.645,1.30193
320.628,1.30114
320.611,1.30035
320.594,1.29956
320.577,1.29878
320.561,1.29799
320.544,1.2972
320.527,1.29641
320.51,1.29563
320.493,1.29484
320.476,1.29405
320.459,1.29326
320.442,1.29248
320.425,1.29169
320.408,1.2909
320.392,1.29011
320.375,1.28933
320.358,1.28854
320.341,1.28775
320.324,1.28696
320.307,1.28618
320.29,1.28539
320.273,1.2846
320.256,1.28381
320.239,1.28302
320.222,1.28224
320.205,1.28145
320.188,1.28066
320.171,1.27987
320.153,1.27909
320.136,1.2783
320.119,1.27751
320.102,1.27672
320.085,1.27594
320.068,1.27515
320.051,1.27436
320.034,1.27357
320.017,1.27279
319.999,1.272
319.982,1.27121
319.965,1.27042
319.948,1.26964
319.931,1.26885
319.914,1.26806
319.896,1.26727
319.879,1.26648
319.862,1.2657
319.845,1.26491
319.828,1.26412
319.81,1.26333
319.793,1.26255
319.776,1.26176
319.759,1.26097
319.741,1.26018
319.724,1.2594
319.707,1.25861
319.689,1.25782
319.672,1.25703
319.655,1.25625
319.637,1.25546
319.62,1.25467
319.603,1.25388
319.585,1.2531
319.568,1.25231
319.551,1.25152
319.533,1.25073
319.516,1.24994
319.498,1.24916
319.481,1.24837
319.464,1.24758
319.446,1.24679
319.429,1.24601
319.411,1.24522
319.394,1.24443
319.376,1.24364
319.359,1.24286
319.341,1.24207
319.324,1.24128
319.306,1.24049
319.289,1.23971
319.271,1.23892
319.254,1.23813
319.236,1.23734
319.219,1.23656
319.201,1.23577
319.184,1.23498
319.166,1.23419
319.149,1.2334
319.131,1.23262
319.113,1.23183
319.096,1.23104
319.078,1.23025
319.06,1.22947
319.043,1.22868
319.025,1.22789
319.008,1.2271
318.99,1.22632
318.972,1.22553
318.954,1.22474
318.937,1.22395
318.919,1.22317
318.901,1.22238
318.884,1.22159
318.866,1.2208
318.848,1.22002
318.83,1.21923
318.813,1.21844
318.795,1.21765
318.777,1.21687
318.759,1.21608
318.741,1.21529
318.724,1.2145
318.706,1.21371
318.688,1.21293
318.67,1.21214
318.652,1.21135
318.634,1.21056
318.617,1.20978
318.599,1.20899
318.581,1.2082
318.563,1.20741
318.545,1.20663
318.527,1.20584
318.509,1.20505
318.491,1.20426
318.473,1.20348
318.455,1.20269
318.437,1.2019
318.419,1.20111
318.401,1.20033
318.383,1.19954
318.365,1.19875
318.347,1.19796
318.329,1.19717
318.311,1.19639
318.293,1.1956
318.275,1.19481
318.257,1.19402
318.239,1.19324
318.221,1.19245
318.203,1.19166
318.185,1.19087
318.167,1.19009
318.149,1.1893
318.13,1.18851
318.112,1.18772
318.094,1.18694
318.076,1.18615
318.058,1.18536
318.04,1.18457
318.021,1.18379
318.003,1.183
317.985,1.18221
317.967,1.18142
317.949,1.18063
317.93,1.17985
317.912,1.17906
317.894,1.17827
317.876,1.17748
317.857,1.1767
317.839,1.17591
317.821,1.17512
317.802,1.17433
317.784,1.17355
317.766,1.17276
317.747,1.17197
317.729,1.17118
317.711,1.1704
317.692,1.16961
317.674,1.16882
317.655,1.16803
317.637,1.16725
317.619,1.16646
317.6,1.16567
317.582,1.16488
317.563,1.16409
317.545,1.16331
317.526,1.16252
317.508,1.16173
317.489,1.16094
317.471,1.16016
317.452,1.15937
317.434,1.15858
317.415,1.15779
317.397,1.15701
317.378,1.15622
317.36,1.15543
317.341,1.15464
317.323,1.15386
317.304,1.15307
317.285,1.15228
317.267,1.15149
317.248,1.15071
317.229,1.14992
317.211,1.14913
317.192,1.14834
317.174,1.14755
317.155,1.14677
317.136,1.14598
317.117,1.14519
317.099,1.1444
317.08,1.14362
317.061,1.14283
317.043,1.14204
317.024,1.14125
317.005,1.14047
316.986,1.13968
316.967,1.13889
316.949,1.1381
316.93,1.13732
316.911,1.13653
316.892,1.13574
316.873,1.13495
316.855,1.13417
316.836,1.13338
316.817,1.13259
316.798,1.1318
316.779,1.13101
316.76,1.13023
316.741,1.12944
316.722,1.12865
316.703,1.12786
316.684,1.12708
316.665,1.12629
316.646,1.1255
316.627,1.12471
316.608,1.12393
316.589,1.12314
316.57,1.12235
316.551,1.12156
316.532,1.12078
316.513,1.11999
316.494,1.1192
316.475,1.11841
316.456,1.11763
316.437,1.11684
316.418,1.11605
316.399,1.11526
316.38,1.11448
316.361,1.11369
316.341,1.1129
316.322,1.11211
316.303,1.11132
316.284,1.11054
316.265,1.10975
316.246,1.10896
316.226,1.10817
316.207,1.10739
316.188,1.1066
316.169,1.10581
316.149,1.10502
316.13,1.10424
316.111,1.10345
316.091,1.10266
316.072,1.10187
316.053,1.10109
316.034,1.1003
316.014,1.09951
315.995,1.09872
315.975,1.09794
315.956,1.09715
315.937,1.09636
315.917,1.09557
315.898,1.09478
315.878,1.094
315.859,1.09321
315.84,1.09242
315.82,1.09163
315.801,1.09085
315.781,1.09006
315.762,1.08927
315.742,1.08848
315.723,1.0877
315.703,1.08691
315.684,1.08612
315.664,1.08533
315.645,1.08455
315.625,1.08376
315.605,1.08297
315.586,1.08218
315.566,1.0814
315.547,1.08061
315.527,1.07982
315.507,1.07903
315.488,1.07824
315.468,1.07746
315.448,1.07667
315.429,1.07588
315.409,1.07509
315.389,1.07431
315.369,1.07352
315.35,1.07273
315.33,1.07194
315.31,1.07116
315.29,1.07037
315.271,1.06958
315.251,1.06879
315.231,1.06801
315.211,1.06722
315.191,1.06643
315.171,1.06564
315.152,1.06486
315.132,1.06407
315.112,1.06328
315.092,1.06249
315.072,1.0617
315.052,1.06092
315.032,1.06013
315.012,1.05934
314.992,1.05855
314.972,1.05777
314.952,1.05698
314.932,1.05619
314.912,1.0554
314.892,1.05462
314.872,1.05383
314.852,1.05304
314.832,1.05225
314.812,1.05147
314.792,1.05068
314.772,1.04989
314.752,1.0491
314.732,1.04832
314.712,1.04753
314.691,1.04674
314.671,1.04595
314.651,1.04516
314.631,1.04438
314.611,1.04359
314.59,1.0428
314.57,1.04201
314.55,1.04123
314.53,1.04044
314.509,1.03965
314.489,1.03886
314.469,1.03808
314.449,1.03729
314.428,1.0365
314.408,1.03571
314.388,1.03493
314.367,1.03414
314.347,1.03335
314.327,1.03256
314.306,1.03178
314.286,1.03099
314.265,1.0302
314.245,1.02941
314.224,1.02863
314.204,1.02784
314.184,1.02705
314.163,1.02626
314.143,1.02547
314.122,1.02469
314.102,1.0239
314.081,1.02311
314.06,1.02232
314.04,1.02154
314.019,1.02075
313.999,1.01996
313.978,1.01917
313.958,1.01839
313.937,1.0176
313.916,1.01681
313.896,1.01602
313.875,1.01524
313.854,1.01445
313.834,1.01366
313.813,1.01287
313.792,1.01209
313.771,1.0113
313.751,1.01051
313.73,1.00972
313.709,1.00893
313.688,1.00815
313.668,1.00736
313.647,1.00657
313.626,1.00578
313.605,1.005
313.584,1.00421
313.563,1.00342
313.543,1.00263
313.522,1.00185
313.501,1.00106
313.48,1.00027
313.459,0.99948
313.438,0.9987
313.417,0.99791
313.396,0.99712
313.375,0.99633
313.354,0.99555
313.333,0.99476
313.312,0.99397
313.291,0.99318
313.27,0.99239
313.249,0.99161
313.228,0.99082
313.207,0.99003
313.186,0.98924
313.164,0.98846
313.143,0.98767
313.122,0.98688
313.101,0.98609
313.08,0.98531
313.059,0.98452
313.037,0.98373
313.016,0.98294
312.995,0.98216
312.974,0.98137
312.952,0.98058
312.931,0.97979
312.91,0.97901
312.888,0.97822
312.867,0.97743
312.846,0.97664
312.824,0.97585
312.803,0.97507
312.782,0.97428
312.76,0.97349
312.739,0.9727
312.717,0.97192
312.696,0.97113
312.675,0.97034
312.653,0.96955
312.632,0.96877
312.61,0.96798
312.589,0.96719
312.567,0.9664
312.546,0.96562
312.524,0.96483
312.502,0.96404
312.481,0.96325
312.459,0.96247
312.438,0.96168
312.416,0.96089
312.394,0.9601
312.373,0.95931
312.351,0.95853
312.329,0.95774
312.308,0.95695
312.286,0.95616
312.264,0.95538
312.242,0.95459
312.221,0.9538
312.199,0.95301
312.177,0.95223
312.155,0.95144
312.133,0.95065
312.112,0.94986
312.09,0.94908
312.068,0.94829
312.046,0.9475
312.024,0.94671
312.002,0.94593
311.98,0.94514
311.958,0.94435
311.936,0.94356
311.914,0.94278
311.892,0.94199
311.87,0.9412
311.848,0.94041
311.826,0.93962
311.804,0.93884
311.782,0.93805
311.76,0.93726
311.738,0.93647
311.716,0.93569
311.694,0.9349
311.672,0.93411
311.649,0.93332
311.627,0.93254
311.605,0.93175
311.583,0.93096
311.561,0.93017
311.538,0.92939
311.516,0.9286
311.494,0.92781
311.472,0.92702
311.449,0.92624
311.427,0.92545
311.405,0.92466
311.382,0.92387
311.36,0.92308
311.338,0.9223
311.315,0.92151
311.293,0.92072
311.27,0.91993
311.248,0.91915
311.225,0.91836
311.203,0.91757
311.18,0.91678
311.158,0.916
311.135,0.91521
311.113,0.91442
311.09,0.91363
311.068,0.91285
311.045,0.91206
311.023,0.91127
311,0.91048
310.977,0.9097
310.955,0.90891
310.932,0.90812
310.909,0.90733
310.887,0.90654
310.864,0.90576
310.841,0.90497
310.818,0.90418
310.796,0.90339
310.773,0.90261
310.75,0.90182
310.727,0.90103
310.704,0.90024
310.682,0.89946
310.659,0.89867
310.636,0.89788
310.613,0.89709
310.59,0.89631
310.567,0.89552
310.544,0.89473
310.521,0.89394
310.498,0.89316
310.475,0.89237
310.452,0.89158
310.429,0.89079
310.406,0.89
310.383,0.88922
310.36,0.88843
310.337,0.88764
310.314,0.88685
310.29,0.88607
310.267,0.88528
310.244,0.88449
310.221,0.8837
310.198,0.88292
310.175,0.88213
310.151,0.88134
310.128,0.88055
310.105,0.87977
310.081,0.87898
310.058,0.87819
310.035,0.8774
310.011,0.87662
309.988,0.87583
309.965,0.87504
309.941,0.87425
309.918,0.87346
309.894,0.87268
309.871,0.87189
309.848,0.8711
309.824,0.87031
309.801,0.86953
309.777,0.86874
309.754,0.86795
309.73,0.86716
309.706,0.86638
309.683,0.86559
309.659,0.8648
309.636,0.86401
309.612,0.86323
309.588,0.86244
309.565,0.86165
309.541,0.86086
309.517,0.86008
309.493,0.85929
309.47,0.8585
309.446,0.85771
309.422,0.85693
309.398,0.85614
309.374,0.85535
309.351,0.85456
309.327,0.85377
309.303,0.85299
309.279,0.8522
309.255,0.85141
309.231,0.85062
309.207,0.84984
309.183,0.84905
309.159,0.84826
309.135,0.84747
309.111,0.84669
309.087,0.8459
309.063,0.84511
309.039,0.84432
309.015,0.84354
308.991,0.84275
308.967,0.84196
308.942,0.84117
308.918,0.84039
308.894,0.8396
308.87,0.83881
308.846,0.83802
308.821,0.83723
308.797,0.83645
308.773,0.83566
308.748,0.83487
308.724,0.83408
308.7,0.8333
308.675,0.83251
308.651,0.83172
308.627,0.83093
308.602,0.83015
308.578,0.82936
308.553,0.82857
308.529,0.82778
308.504,0.827
308.48,0.82621
308.455,0.82542
308.431,0.82463
308.406,0.82385
308.381,0.82306
308.357,0.82227
308.332,0.82148
308.307,0.82069
308.283,0.81991
308.258,0.81912
308.233,0.81833
308.209,0.81754
308.184,0.81676
308.159,0.81597
308.134,0.81518
308.109,0.81439
308.085,0.81361
308.06,0.81282
308.035,0.81203
308.01,0.81124
307.985,0.81046
307.96,0.80967
307.935,0.80888
307.91,0.80809
307.885,0.80731
307.86,0.80652
307.835,0.80573
307.81,0.80494
307.785,0.80415
307.76,0.80337
307.735,0.80258
307.71,0.80179
307.684,0.801
307.659,0.80022
307.634,0.79943
307.609,0.79864
307.584,0.79785
307.558,0.79707
307.533,0.79628
307.508,0.79549
307.482,0.7947
307.457,0.79392
307.432,0.79313
307.406,0.79234
307.381,0.79155
307.355,0.79077
307.33,0.78998
307.304,0.78919
307.279,0.7884
307.253,0.78761
307.228,0.78683
307.202,0.78604
307.177,0.78525
307.151,0.78446
307.125,0.78368
307.1,0.78289
307.074,0.7821
307.048,0.78131
307.023,0.78053
306.997,0.77974
306.971,0.77895
306.945,0.77816
306.92,0.77738
306.894,0.77659
306.868,0.7758
306.842,0.77501
306.816,0.77423
306.79,0.77344
306.764,0.77265
306.738,0.77186
306.712,0.77107
306.686,0.77029
306.66,0.7695
306.634,0.76871
306.608,0.76792
306.582,0.76714
306.556,0.76635
306.53,0.76556
306.504,0.76477
306.478,0.76399
306.451,0.7632
306.425,0.76241
306.399,0.76162
306.373,0.76084
306.346,0.76005
306.32,0.75926
306.294,0.75847
306.267,0.75769
306.241,0.7569
306.215,0.75611
306.188,0.75532
306.162,0.75454
306.135,0.75375
306.109,0.75296
306.082,0.75217
306.056,0.75138
306.029,0.7506
306.002,0.74981
305.976,0.74902
305.949,0.74823
305.923,0.74745
305.896,0.74666
305.869,0.74587
305.842,0.74508
305.816,0.7443
305.789,0.74351
305.762,0.74272
305.735,0.74193
305.708,0.74115
305.682,0.74036
305.655,0.73957
305.628,0.73878
305.601,0.738
305.574,0.73721
305.547,0.73642
305.52,0.73563
305.493,0.73484
305.466,0.73406
305.439,0.73327
305.411,0.73248
305.384,0.73169
305.357,0.73091
305.33,0.73012
305.303,0.72933
305.276,0.72854
305.248,0.72776
305.221,0.72697
305.194,0.72618
305.166,0.72539
305.139,0.72461
305.112,0.72382
305.084,0.72303
305.057,0.72224
305.029,0.72146
305.002,0.72067
304.974,0.71988
304.947,0.71909
304.919,0.7183
304.892,0.71752
304.864,0.71673
304.836,0.71594
304.809,0.71515
304.781,0.71437
304.753,0.71358
304.726,0.71279
304.698,0.712
304.67,0.71122
304.642,0.71043
304.614,0.70964
304.586,0.70885
304.559,0.70807
304.531,0.70728
304.503,0.70649
304.475,0.7057
304.447,0.70492
304.419,0.70413
304.391,0.70334
304.363,0.70255
304.334,0.70176
304.306,0.70098
304.278,0.70019
304.25,0.6994
304.222,0.69861
304.194,0.69783
304.165,0.69704
304.137,0.69625
304.109,0.69546
304.08,0.69468
304.052,0.69389
304.024,0.6931
303.995,0.69231
303.967,0.69153
303.938,0.69074
303.91,0.68995
303.881,0.68916
303.853,0.68838
303.824,0.68759
303.795,0.6868
303.767,0.68601
303.738,0.68522
303.709,0.68444
303.681,0.68365
303.652,0.68286
303.623,0.68207
303.594,0.68129
303.566,0.6805
303.537,0.67971
303.508,0.67892
303.479,0.67814
303.45,0.67735
303.421,0.67656
303.392,0.67577
303.363,0.67499
303.334,0.6742
303.305,0.67341
303.276,0.67262
303.246,0.67184
303.217,0.67105
303.188,0.67026
303.159,0.66947
303.13,0.66869
303.1,0.6679
303.071,0.66711
303.042,0.66632
303.012,0.66553
302.983,0.66475
302.953,0.66396
302.924,0.66317
302.895,0.66238
302.865,0.6616
302.835,0.66081
302.806,0.66002
302.776,0.65923
302.747,0.65845
302.717,0.65766
302.687,0.65687
302.657,0.65608
302.628,0.6553
302.598,0.65451
302.568,0.65372
302.538,0.65293
302.508,0.65215
302.478,0.65136
302.449,0.65057
302.419,0.64978
302.389,0.64899
302.359,0.64821
302.328,0.64742
302.298,0.64663
302.268,0.64584
302.238,0.64506
302.208,0.64427
302.178,0.64348
302.147,0.64269
302.117,0.64191
302.087,0.64112
302.057,0.64033
302.026,0.63954
301.996,0.63876
301.965,0.63797
301.935,0.63718
301.904,0.63639
301.874,0.63561
301.843,0.63482
301.813,0.63403
301.782,0.63324
301.751,0.63245
301.721,0.63167
301.69,0.63088
301.659,0.63009
301.628,0.6293
301.598,0.62852
301.567,0.62773
301.536,0.62694
301.505,0.62615
301.474,0.62537
301.443,0.62458
301.412,0.62379
301.381,0.623
301.35,0.62222
301.319,0.62143
301.288,0.62064
301.257,0.61985
301.225,0.61907
301.194,0.61828
301.163,0.61749
301.132,0.6167
301.1,0.61591
301.069,0.61513
301.037,0.61434
301.006,0.61355
300.974,0.61276
300.943,0.61198
300.911,0.61119
300.88,0.6104
300.848,0.60961
300.817,0.60883
300.785,0.60804
300.753,0.60725
300.721,0.60646
300.69,0.60568
300.658,0.60489
300.626,0.6041
300.594,0.60331
300.562,0.60253
300.53,0.60174
300.498,0.60095
300.466,0.60016
300.434,0.59937
300.402,0.59859
300.37,0.5978
300.338,0.59701
300.305,0.59622
300.273,0.59544
300.241,0.59465
300.209,0.59386
300.176,0.59307
300.144,0.59229
300.112,0.5915
300.079,0.59071
300.047,0.58992
300.014,0.58914
299.981,0.58835
299.949,0.58756
299.916,0.58677
299.884,0.58599
299.851,0.5852
299.818,0.58441
299.785,0.58362
299.752,0.58284
299.72,0.58205
299.687,0.58126
299.654,0.58047
299.621,0.57968
299.588,0.5789
299.555,0.57811
299.522,0.57732
299.489,0.57653
299.455,0.57575
299.422,0.57496
299.389,0.57417
299.356,0.57338
299.322,0.5726
299.289,0.57181
299.256,0.57102
299.222,0.57023
299.189,0.56945
299.155,0.56866
299.122,0.56787
299.088,0.56708
299.054,0.5663
299.021,0.56551
298.987,0.56472
298.953,0.56393
298.919,0.56314
298.886,0.56236
298.852,0.56157
298.818,0.56078
298.784,0.55999
298.75,0.55921
298.716,0.55842
298.682,0.55763
298.648,0.55684
298.614,0.55606
298.579,0.55527
298.545,0.55448
298.511,0.55369
298.477,0.55291
298.442,0.55212
298.408,0.55133
298.373,0.55054
298.339,0.54976
298.305,0.54897
298.27,0.54818
298.235,0.54739
298.201,0.5466
298.166,0.54582
298.131,0.54503
298.097,0.54424
298.062,0.54345
298.027,0.54267
297.992,0.54188
297.957,0.54109
297.922,0.5403
297.887,0.53952
297.852,0.53873
297.817,0.53794
297.782,0.53715
297.747,0.53637
297.711,0.53558
297.676,0.53479
297.641,0.534
297.605,0.53322
297.57,0.53243
297.535,0.53164
297.499,0.53085
297.463,0.53006
297.428,0.52928
297.392,0.52849
297.357,0.5277
297.321,0.52691
297.285,0.52613
297.249,0.52534
297.213,0.52455
297.178,0.52376
297.142,0.52298
297.106,0.52219
297.07,0.5214
297.033,0.52061
296.997,0.51983
296.961,0.51904
296.925,0.51825
296.889,0.51746
296.852,0.51668
296.816,0.51589
296.78,0.5151
296.743,0.51431
296.707,0.51352
296.67,0.51274
296.633,0.51195
296.597,0.51116
296.56,0.51037
296.523,0.50959
296.487,0.5088
296.45,0.50801
296.413,0.50722
296.376,0.50644
296.339,0.50565
296.302,0.50486
296.265,0.50407
296.228,0.50329
296.191,0.5025
296.153,0.50171
296.116,0.50092
296.079,0.50014
296.041,0.49935
296.004,0.49856
295.967,0.49777
295.929,0.49699
295.891,0.4962
295.854,0.49541
295.816,0.49462
295.778,0.49383
295.741,0.49305
295.703,0.49226
295.665,0.49147
295.627,0.49068
295.589,0.4899
295.551,0.48911
295.513,0.48832
295.475,0.48753
295.437,0.48675
295.398,0.48596
295.36,0.48517
295.322,0.48438
295.283,0.4836
295.245,0.48281
295.207,0.48202
295.168,0.48123
295.129,0.48045
295.091,0.47966
295.052,0.47887
295.013,0.47808
294.974,0.47729
294.936,0.47651
294.897,0.47572
294.858,0.47493
294.819,0.47414
294.78,0.47336
294.74,0.47257
294.701,0.47178
294.662,0.47099
294.623,0.47021
294.583,0.46942
294.544,0.46863
294.504,0.46784
294.465,0.46706
294.425,0.46627
294.386,0.46548
294.346,0.46469
294.306,0.46391
294.266,0.46312
294.227,0.46233
294.187,0.46154
294.147,0.46075
294.107,0.45997
294.067,0.45918
294.026,0.45839
293.986,0.4576
293.946,0.45682
293.906,0.45603
293.865,0.45524
293.825,0.45445
293.784,0.45367
293.744,0.45288
293.703,0.45209
293.662,0.4513
293.622,0.45052
293.581,0.44973
293.54,0.44894
293.499,0.44815
293.458,0.44737
293.417,0.44658
293.376,0.44579
293.335,0.445
293.294,0.44421
293.252,0.44343
293.211,0.44264
293.17,0.44185
293.128,0.44106
293.086,0.44028
293.045,0.43949
293.003,0.4387
292.962,0.43791
292.92,0.43713
292.878,0.43634
292.836,0.43555
292.794,0.43476
292.752,0.43398
292.71,0.43319
292.668,0.4324
292.625,0.43161
292.583,0.43083
292.541,0.43004
292.498,0.42925
292.456,0.42846
292.413,0.42767
292.371,0.42689
292.328,0.4261
292.285,0.42531
292.242,0.42452
292.199,0.42374
292.156,0.42295
292.113,0.42216
292.07,0.42137
292.027,0.42059
291.984,0.4198
291.941,0.41901
291.897,0.41822
291.854,0.41744
291.81,0.41665
291.767,0.41586
291.723,0.41507
291.679,0.41429
291.636,0.4135
291.592,0.41271
291.548,0.41192
291.504,0.41113
291.46,0.41035
291.416,0.40956
291.371,0.40877
291.327,0.40798
291.283,0.4072
291.238,0.40641
291.194,0.40562
291.149,0.40483
291.105,0.40405
291.06,0.40326
291.015,0.40247
290.97,0.40168
290.925,0.4009
290.88,0.40011
290.835,0.39932
290.79,0.39853
290.745,0.39775
290.699,0.39696
290.654,0.39617
290.608,0.39538
290.563,0.3946
290.517,0.39381
290.472,0.39302
290.426,0.39223
290.38,0.39144
290.334,0.39066
290.288,0.38987
290.242,0.38908
290.196,0.38829
290.149,0.38751
290.103,0.38672
290.057,0.38593
290.01,0.38514
289.964,0.38436
289.917,0.38357
289.87,0.38278
289.824,0.38199
289.777,0.38121
289.73,0.38042
289.683,0.37963
289.635,0.37884
289.588,0.37806
289.541,0.37727
289.494,0.37648
289.446,0.37569
289.399,0.3749
289.351,0.37412
289.303,0.37333
289.255,0.37254
289.207,0.37175
289.159,0.37097
289.111,0.37018
289.063,0.36939
289.015,0.3686
288.967,0.36782
288.918,0.36703
288.87,0.36624
288.821,0.36545
288.772,0.36467
288.724,0.36388
288.675,0.36309
288.626,0.3623
288.577,0.36152
288.528,0.36073
288.479,0.35994
288.429,0.35915
288.38,0.35836
288.33,0.35758
288.281,0.35679
288.231,0.356
288.181,0.35521
288.131,0.35443
288.081,0.35364
288.031,0.35285
287.981,0.35206
287.931,0.35128
287.881,0.35049
287.83,0.3497
287.78,0.34891
287.729,0.34813
287.678,0.34734
287.628,0.34655
287.577,0.34576
287.526,0.34498
287.475,0.34419
287.423,0.3434
287.372,0.34261
287.321,0.34182
287.269,0.34104
287.218,0.34025
287.166,0.33946
287.114,0.33867
287.062,0.33789
287.01,0.3371
286.958,0.33631
286.906,0.33552
286.853,0.33474
286.801,0.33395
286.748,0.33316
286.696,0.33237
286.643,0.33159
286.59,0.3308
286.537,0.33001
286.484,0.32922
286.431,0.32844
286.378,0.32765
286.324,0.32686
286.271,0.32607
286.217,0.32528
286.164,0.3245
286.11,0.32371
286.056,0.32292
286.002,0.32213
285.948,0.32135
285.893,0.32056
285.839,0.31977
285.784,0.31898
285.73,0.3182
285.675,0.31741
285.62,0.31662
285.565,0.31583
285.51,0.31505
285.455,0.31426
285.4,0.31347
285.344,0.31268
285.289,0.3119
285.233,0.31111
285.177,0.31032
285.121,0.30953
285.065,0.30875
285.009,0.30796
284.953,0.30717
284.897,0.30638
284.84,0.30559
284.783,0.30481
284.727,0.30402
284.67,0.30323
284.613,0.30244
284.556,0.30166
284.498,0.30087
284.441,0.30008
284.383,0.29929
284.326,0.29851
284.268,0.29772
284.21,0.29693
284.152,0.29614
284.094,0.29536
284.036,0.29457
283.977,0.29378
283.919,0.29299
283.86,0.29221
283.801,0.29142
283.742,0.29063
283.683,0.28984
283.624,0.28905
283.564,0.28827
283.505,0.28748
283.445,0.28669
283.386,0.2859
283.326,0.28512
283.266,0.28433
283.205,0.28354
283.145,0.28275
283.085,0.28197
283.024,0.28118
282.963,0.28039
282.902,0.2796
282.841,0.27882
282.78,0.27803
282.719,0.27724
282.657,0.27645
282.595,0.27567
282.534,0.27488
282.472,0.27409
282.41,0.2733
282.347,0.27251
282.285,0.27173
282.222,0.27094
282.16,0.27015
282.097,0.26936
282.034,0.26858
281.97,0.26779
281.907,0.267
281.844,0.26621
281.78,0.26543
281.716,0.26464
281.652,0.26385
281.588,0.26306
281.524,0.26228
281.459,0.26149
281.395,0.2607
281.33,0.25991
281.265,0.25913
281.2,0.25834
281.134,0.25755
281.069,0.25676
281.003,0.25597
280.937,0.25519
280.871,0.2544
280.805,0.25361
280.739,0.25282
280.672,0.25204
280.606,0.25125
280.539,0.25046
280.472,0.24967
280.405,0.24889
280.337,0.2481
280.27,0.24731
280.202,0.24652
280.134,0.24574
280.066,0.24495
279.997,0.24416
279.929,0.24337
279.86,0.24259
279.791,0.2418
279.722,0.24101
279.653,0.24022
279.583,0.23943
279.514,0.23865
279.444,0.23786
279.374,0.23707
279.304,0.23628
279.233,0.2355
279.162,0.23471
279.092,0.23392
279.021,0.23313
278.949,0.23235
278.878,0.23156
278.806,0.23077
278.734,0.22998
278.662,0.2292
278.59,0.22841
278.517,0.22762
278.445,0.22683
278.372,0.22605
278.299,0.22526
278.225,0.22447
278.152,0.22368
278.078,0.2229
278.004,0.22211
277.929,0.22132
277.855,0.22053
277.78,0.21974
277.705,0.21896
277.63,0.21817
277.555,0.21738
277.479,0.21659
277.403,0.21581
277.327,0.21502
277.251,0.21423
277.174,0.21344
277.097,0.21266
277.02,0.21187
276.943,0.21108
276.865,0.21029
276.788,0.20951
276.71,0.20872
276.631,0.20793
276.553,0.20714
276.474,0.20636
276.395,0.20557
276.316,0.20478
276.236,0.20399
276.156,0.2032
276.076,0.20242
275.996,0.20163
275.915,0.20084
275.834,0.20005
275.753,0.19927
275.671,0.19848
275.59,0.19769
275.508,0.1969
275.425,0.19612
275.343,0.19533
275.26,0.19454
275.177,0.19375
275.093,0.19297
275.01,0.19218
274.926,0.19139
274.841,0.1906
274.757,0.18982
274.672,0.18903
274.587,0.18824
274.501,0.18745
274.415,0.18666
274.329,0.18588
274.243,0.18509
274.156,0.1843
274.069,0.18351
273.982,0.18273
273.894,0.18194
273.806,0.18115
273.717,0.18036
273.629,0.17958
273.54,0.17879
273.45,0.178
273.361,0.17721
273.271,0.17643
273.18,0.17564
273.09,0.17485
272.998,0.17406
272.907,0.17328
272.815,0.17249
272.723,0.1717
272.631,0.17091
272.538,0.17012
272.445,0.16934
272.351,0.16855
272.257,0.16776
272.163,0.16697
272.068,0.16619
271.973,0.1654
271.877,0.16461
271.781,0.16382
271.685,0.16304
271.588,0.16225
271.491,0.16146
271.394,0.16067
271.296,0.15989
271.198,0.1591
271.099,0.15831
271,0.15752
270.9,0.15674
270.8,0.15595
270.7,0.15516
270.599,0.15437
270.498,0.15358
270.396,0.1528
270.294,0.15201
270.191,0.15122
270.088,0.15043
269.984,0.14965
269.88,0.14886
269.776,0.14807
269.671,0.14728
269.565,0.1465
269.459,0.14571
269.353,0.14492
269.246,0.14413
269.138,0.14335
269.031,0.14256
268.922,0.14177
268.813,0.14098
268.704,0.1402
268.594,0.13941
268.483,0.13862
268.372,0.13783
268.26,0.13704
268.148,0.13626
268.035,0.13547
267.922,0.13468
267.808,0.13389
267.694,0.13311
267.579,0.13232
267.463,0.13153
267.347,0.13074
267.23,0.12996
267.113,0.12917
266.995,0.12838
266.876,0.12759
266.757,0.12681
266.637,0.12602
266.516,0.12523
266.395,0.12444
266.273,0.12366
266.151,0.12287
266.027,0.12208
265.903,0.12129
265.779,0.12051
265.654,0.11972
265.528,0.11893
265.401,0.11814
265.273,0.11735
265.145,0.11657
265.016,0.11578
264.887,0.11499
264.756,0.1142
264.625,0.11342
264.493,0.11263
264.36,0.11184
264.227,0.11105
264.092,0.11027
263.957,0.10948
263.821,0.10869
263.684,0.1079
263.546,0.10712
263.408,0.10633
263.268,0.10554
263.128,0.10475
262.986,0.10397
262.844,0.10318
262.701,0.10239
262.557,0.1016
262.412,0.10081
262.266,0.10003
262.119,0.09924
261.97,0.09845
261.821,0.09766
261.671,0.09688
261.52,0.09609
261.368,0.0953
261.215,0.09451
261.06,0.09373
260.905,0.09294
260.748,0.09215
260.59,0.09136
260.431,0.09058
260.271,0.08979
260.109,0.089
259.947,0.08821
259.783,0.08743
259.618,0.08664
259.451,0.08585
259.283,0.08506
259.114,0.08427
258.944,0.08349
258.772,0.0827
258.599,0.08191
258.424,0.08112
258.248,0.08034
258.07,0.07955
257.891,0.07876
257.71,0.07797
257.528,0.07719
257.344,0.0764
257.158,0.07561
256.971,0.07482
256.782,0.07404
256.591,0.07325
256.399,0.07246
256.204,0.07167
256.008,0.07089
255.81,0.0701
255.61,0.06931
255.408,0.06852
255.204,0.06773
254.998,0.06695
254.79,0.06616
254.58,0.06537
254.367,0.06458
254.153,0.0638
253.936,0.06301
253.716,0.06222
253.495,0.06143
253.27,0.06065
253.044,0.05986
252.814,0.05907
252.582,0.05828
252.348,0.0575
252.11,0.05671
251.87,0.05592
251.626,0.05513
251.38,0.05435
251.131,0.05356
250.878,0.05277
250.622,0.05198
250.363,0.05119
250.1,0.05041
249.834,0.04962
249.564,0.04883
249.29,0.04804
249.012,0.04726
248.73,0.04647
248.444,0.04568
248.154,0.04489
247.86,0.04411
247.56,0.04332
247.256,0.04253
246.947,0.04174
246.633,0.04096
246.314,0.04017
245.989,0.03938
245.659,0.03859
245.322,0.03781
244.98,0.03702
244.631,0.03623
244.276,0.03544
243.913,0.03466
243.543,0.03387
243.166,0.03308
242.781,0.03229
242.388,0.0315
241.986,0.03072
241.575,0.02993
241.154,0.02914
240.724,0.02835
240.283,0.02757
239.83,0.02678
239.366,0.02599
238.89,0.0252
238.401,0.02442
237.897,0.02363
237.379,0.02284
236.845,0.02205
236.294,0.02127
235.725,0.02048
235.136,0.01969
234.527,0.0189
233.895,0.01812
233.238,0.01733
232.555,0.01654
231.843,0.01575
231.099,0.01496
230.319,0.01418
229.501,0.01339
228.64,0.0126
227.73,0.01181
226.765,0.01103
225.738,0.01024
224.639,0.00945
223.456,0.00866
222.175,0.00788
220.776,0.00709
219.232,0.0063
217.507,0.00551
215.55,0.00473
213.28,0.00394
210.566,0.00315
207.166,0.00236
202.557,0.00158
195.135,0.00079
99.993,0
      -nan,-0.00079
      -nan,-0.00158
      -nan,-0.00236
      -nan,-0.00315
      -nan,-0.00394
      -nan,-0.00473
      -nan,-0.00551
      -nan,-0.0063
      -nan,-0.00709
      -nan,-0.00788
      -nan,-0.00866
      -nan,-0.00945
      -nan,-0.01024
      -nan,-0.01103
      -nan,-0.01181
      -nan,-0.0126
      -nan,-0.01339
      -nan,-0.01418
      -nan,-0.01496
      -nan,-0.01575
      -nan,-0.01654
      -nan,-0.01733
      -nan,-0.01812
      -nan,-0.0189
      -nan,-0.01969
      -nan,-0.02048
      -nan,-0.02127
      -nan,-0.02205
      -nan,-0.02284
      -nan,-0.02363
      -nan,-0.02442
      -nan,-0.0252
      -nan,-0.02599
